institution_code,institution_name,body_type,link,student_amount,lecturer_amount,contact,description,average_semester_fee,starting_semester_fee,ending_semester_fee,average_yearly_fee,starting_yearly_fee,ending_yearly_fee,address,province,campus_accreditation,quipper_code,pddikti_code,rencanamu_code,banpt_code,TUGAS,CHECKED,NOTES,
17,INSTITUT TEKNOLOGI DAN KESEHATAN MAHARDIKA,SWASTA,-,-1,-1,"{""website"": ""https://mahardika.ac.id/"", ""email"": ""akademik@mahardika.ac.id"", ""phone"": ""+231 488 123""}",-,4300000,3600000,5000000,8600000,7200000,10000000,KOTA CIREBON,JAWA BARAT,BAIK SEKALI,-,pddikti-1245,-,banpt-2083,mary,TRUE,,FALSE
18,UNIVERSITAS HKBP NOMMENSEN,SWASTA,https://campus.quipper.com/directory/universitas-hkbp-nommensen,14690,363,"{""website"": ""https://uhn.ac.id/"", ""email"": ""uhn@uhn.ac.id"", ""phone"": ""0614522922 / 0614571426""}",Universitas HKBP Nommensen  merupakan salah satu universitas swasta terkemuka di Sumatera Utara yang telah berdiri selama 63 tahun. Kata Nommensen diambil dari nama salah satu misionaris yang memberitakan Kristus ke Tanah Batak yaitu Dr. I. L. Nommensen. Kampus yang mengemban visi untuk menjadi universitas terkemuka di Asia Tenggara ini tercatat telah melahirkan lebih dari 300 alumni lho Quipperian.,3500000,1000000,6000000,7000000,2000000,12000000,"Jalan Dr Sutomo No 4-A, KOTA MEDAN",SUMATERA UTARA,B,quipper-712,pddikti-2455,rencanamu-139,banpt-1044,,TRUE,,FALSE
19,UNIVERSITAS NASIONAL PASIM,SWASTA,-,-1,-1,"{""website"": ""www.pasim.ac.id"", ""email"": ""informasi@pasim.ac.id"", ""phone"": ""022-6072803 / 022-6072803""}",-,1840000,1400000,2200000,3680000,2800000,4400000,"Jalan Terusan Pasteur No 167, KOTA BANDUNG",JAWA BARAT,BAIK,-,pddikti-552,-,banpt-951,,TRUE,"nemunya bukan di web official, di web official gk ada",FALSE
20,UNIVERSITAS CIPTA MANDIRI,SWASTA,-,-1,-1,"{""website"": ""http://uncm.ac.id"", ""email"": ""info@uncm.ac.id"", ""phone"": ""082289901960""}",-,1900000,1900000,1900000,3800000,3800000,3800000,"Jl. Lintas Barat Sumatera  Peunaga Cut Ujong  Kecamatan Meureubo, KABUPATEN ACEH BARAT",ACEH,BAIK,-,pddikti-776,-,banpt-922,,TRUE,"datanya gkjelas, gabung sm almamater jd hitung sndiri",FALSE
21,UNIVERSITAS DIAN NUSANTARA,SWASTA,-,-1,-1,"{""website"": ""http://www.undira.ac.id"", ""email"": ""rektorat@undira.ac.id"", ""phone"": ""021-21194454""}",-,4200000,4200000,4200000,9400000,9400000,9400000,"Jl. Tj. Duren Bar. 2 No.1  RT.1/RW.5  Tj. Duren Utara, KOTA JAKARTA BARAT",D.K.I. JAKARTA,BAIK SEKALI,-,pddikti-680,-,banpt-900,,TRUE,,FALSE
22,STIKOM TUNAS BANGSA,SWASTA,-,-1,-1,"{""website"": ""https://stikomtb.ac.id/"", ""email"": ""admin@amiktunasbangsa.ac.id"", ""phone"": ""0622 - 22431 / 0622 - 7436800""}",-,17250003287500,3125000,34500003450000,34500006575000,6250000,69000006900000,KOTA PEMATANG SIANTAR,SUMATERA UTARA,BAIK,-,pddikti-1922,-,banpt-3766,,FALSE,gk nemu,FALSE
23,STIMI SAMARINDA,SWASTA,-,-1,-1,"{""website"": ""https://www.stimisamarinda.ac.id"", ""email"": ""admin@stimisamarinda.ac.id"", ""phone"": ""0541-765182 / 0541-739933""}",-,2250000,2250000,2250000,4500000,4500000,4500000,"Jalan M. Yamin RT VIII No.78   Samarinda, KOTA SAMARINDA",KALIMANTAN TIMUR,BAIK,-,pddikti-1350,-,banpt-3885,,TRUE,,FALSE
24,UNIVERSITAS KRISTEN INDONESIA MALUKU,SWASTA,https://rencanamu.id/cari-kampus/universitas-kristen-indonesia-maluku,3513,3513,"{""website"": ""ukim.ac.id"", ""email"": ""ukim_maluku@yahoo.com"", ""phone"": ""0911-348521 / 0911-346206""}",-,"8,984,275","3,735,000","14,835,000",17968550,7470000,29670000,"Jalan OT Pattimaipauw. TANAH LAPANG KECIL - 97115 AMBON, KOTA AMBON",MALUKU,B,-,pddikti-2633,rencanamu-178,banpt-3563,,TRUE,,FALSE
25,UNIVERSITAS SATYAGAMA,SWASTA,https://campus.quipper.com/directory/universitas-satyagama,4593,143,"{""website"": ""www.satyagama.ac.id"", ""email"": ""info@satyagama.ac.id"", ""phone"": ""5452377-78 / 54391325""}","Tahukah Quipperian bahwa seluruh program studi yang ada di Universitas Satyagama telah terakreditasi oleh Badan Akreditasi Nasional Perguruan Tinggi ? Oleh karena itu, lulusan Universitas Satyagama dapat dipercaya dan diterima, serta dapat berkarya dengan baik di Instansi Pemerintah, swasta, maupun sebagai wiraswasta yang mandiri.",2900000,1600000,20000000,5800000,3200000,40000000,"Jalan Kamal Raya No 2-A Cengkareng, KOTA JAKARTA BARAT",D.K.I. JAKARTA,BAIK,quipper-579,pddikti-132,rencanamu-262,banpt-1230,,TRUE,,FALSE
26,STMIK ADHI GUNA,SWASTA,-,-1,-1,"{""website"": ""stmikadhiguna.ac.id"", ""email"": ""info@stmikadhiguna.ac.id"", ""phone"": ""0451-455530 / 0451-452920""}",-,3756000,3512000,4000000,7512000,7024000,8000000,"Jl. Undata No. 03 PALU, KOTA PALU",SULAWESI TENGAH,BAIK,-,pddikti-431,-,banpt-437,,TRUE,,FALSE
27,UNIVERSITAS PASUNDAN,SWASTA,https://rencanamu.id/cari-kampus/universitas-pasundan,14385,14385,"{""website"": ""www.unpas.ac.id"", ""email"": ""rektorat@unpas.ac.id"", ""phone"": ""+62 22 86032233 / +62 22 86032244""}","Pengkuh Agamana, Luhung Elmuna, Jembar Budayana. Begitulah slogan Universitas Pasundan  yang bertujuan melahirkan generasi berkualitas dalam aspek agama, ilmu dan budaya. Kampus yang berdiri sejak 14 November 1960 meraih akreditasi ""A""  dari BAN-PT dan menempati rangking ke-8 sebagai perguruan tinggi swasta terbaik se indonesia versi 4lcu",19254300,10750000,37500000,38508600,21500000,75000000,"Jalan Dr. Setiabudi No 193, KOTA BANDUNG",JAWA BARAT,A,quipper-434,pddikti-657,rencanamu-236,banpt-2072,,TRUE,,FALSE
28,POLITEKNIK WILMAR BISNIS INDONESIA,SWASTA,-,-1,-1,"{""website"": ""http://wbi.ac.id/"", ""email"": ""humas@wbi.ac.id"", ""phone"": ""+626142074111 / +626180011100""}",-,28250000,5000000,6500000,56500000,10000000,13000000,"Jalan Batu Sihombing  Desa Medan Estate, KABUPATEN DELI SERDANG",SUMATERA UTARA,BAIK,-,pddikti-65,-,banpt-1908,,TRUE,,FALSE
29,UNIVERSITAS BATURAJA,SWASTA,https://rencanamu.id/cari-kampus/universitas-baturaja,4975,4975,"{""website"": ""www.unbara.ac.id"", ""email"": ""info@unbara.ac.id"", ""phone"": ""0735-326122 / 0735-321822""}",-,2400000,1900000,2900000,4800000,3800000,5800000,"Jl Ratu Penghulu No 2301, KABUPATEN OGAN KOMERING ULU",SUMATERA SELATAN,BAIK SEKALI,-,pddikti-2568,rencanamu-107,banpt-819,,TRUE,,FALSE
30,UNIVERSITAS BINA INSAN,SWASTA,-,-1,-1,"{""website"": ""univbinainsan.ac.id"", ""email"": ""admin@univbinainsan.ac.id"", ""phone"": ""07334553932""}",-,2283333.333,2020000,2600000,4566666.667,4040000,5200000,KOTA LUBUK LINGGAU,SUMATERA SELATAN,BAIK,-,pddikti-264,-,banpt-682,,TRUE,,FALSE
31,UNIVERSITAS RESPATI INDONESIA,SWASTA,https://campus.quipper.com/directory/universitas-respati-indonesia,2449,125,"{""website"": ""www.urindo.ac.id"", ""email"": ""info@urindo.ac.id"", ""phone"": ""8454731 / 847628""}","Universitas Respati Indonesia  resmi berdiri pada tahun 1986, cikal bakalnya dimulai dengan berdirinya Akademi Manajemen Respati Indonesia  pada tahun 1982. Universitas Respati Indonesia berada dibawah naungan Yayasan Pendidikan dan Kebudayaan Respati.",4800000,4800000,4800000,9600000,9600000,19200000,"Jl Bambu Apus I No 3  Cipayung  Jakarta Timur, KOTA JAKARTA TIMUR",D.K.I. JAKARTA,B,quipper-286,pddikti-1596,-,banpt-1755,,TRUE,,FALSE
32,UNIVERSITAS MUHAMMADIYAH PURWOKERTO,SWASTA,https://rencanamu.id/cari-kampus/universitas-muhammadiyah-purwokerto,6614,6614,"{""website"": ""www.ump.ac.id"", ""email"": ""sekretariat@ump.ac.id"", ""phone"": ""0281-636751 / 0281-637239""}",-,10000000,5000000,15000000,545525000,2050000,180000000,"Jl. KH. Ahmad Dahlan  PO BOX 202, KABUPATEN BANYUMAS",JAWA TENGAH,B,-,pddikti-464,rencanamu-215,banpt-2401,Kelly,TRUE,,FALSE
34,UNIVERSITAS KATOLIK INDONESIA ATMA JAYA,SWASTA,https://rencanamu.id/cari-kampus/universitas-katolik-indonesia-atma-jaya,6974,6974,Tel: (021) 570-3306,"Universitas Katolik Indonesia Atma Jaya Unika Atma Jaya merupakan salah satu Perguruan Tinggi Swasta terbaik se-Indonesia. Unika Atma Jaya mendapatkan akreditasi A dari Badan Akreditasi Nasional Perguruan Tinggi . Salah satu prestasi yang telah diraih yaitu masuk dalam daftar 50 Promising Indonesian Universities dari Direktorat Jenderal Pendidikan Tinggi . Selain itu, Unika Atma Jaya merupakan salah satu dari 17 Perguruan Tinggi Indonesia Terbaik Peringkat Asia versi Quacquarelli Symonds  Asia University Rankings 2018. Pada tahun 2020, kampus ini juga meraih bintang lima untuk kategori Online Learning Pemeringkatan yang dilakukan oleh lembaga peringkat dunia berbasis di London, Quacquarelli Symonds  Stars. Kini, Unika Atma Jaya memiliki 3 lokasi yaitu Kampus 1 Semanggi, Kampus 2 Pluit dan Kampus 3 BSD.",24137500,6000000,42275000,289650000,72000000,507300000,"Jalan Jenderal Sudirman 51, KOTA JAKARTA SELATAN",DKI JAKARTA,A,quipper-47,pddikti-1477,rencanamu-165,banpt-2378,,TRUE,,FALSE
42,UNIVERSITAS MUHAMMADIYAH PALEMBANG,SWASTA,https://rencanamu.id/cari-kampus/universitas-muhammadiyah-palembang,3751,3751,"{""website"": ""www.um-palembang.ac.id"", ""email"": ""humas@um-palembang.ac.id"", ""phone"": ""0711-513022 / 0711-513078""}",-,19305000,3700000,34910000,212024276,7400000,69820000,"Jalan Jenderal Ahmad Yani 13 ULU PLAJU PALEMBANG, KOTA PALEMBANG",SUMATERA SELATAN,UNGGUL,-,pddikti-1757,rencanamu-212,banpt-236,,TRUE,,FALSE
49,UNIVERSITAS HINDU INDONESIA,SWASTA,-,-1,-1,"{""website"": ""www.unhi.ac.id"", ""email"": ""infos1@unhi.ac.id"", ""phone"": ""0361-464700 / 0361-464800""}",-,65500000,4050000,5350000,142175000,22350000,262000000,"Jalan Sangalangit Tembau  Penatih, KOTA DENPASAR",BALI,B,-,pddikti-243,-,banpt-3122,,TRUE,,FALSE
57,INSTITUT TEKNOLOGI KESEHATAN CENDEKIA UTAMA KUDUS,SWASTA,-,-1,-1,"{""website"": ""www.centamaku.ac.id"", ""email"": ""surat@centamaku.ac.id"", ""phone"": ""4248655 / 4248657""}",-,7475000,6000000,8950000,80000350,72000000,107400000,KABUPATEN KUDUS,JAWA TENGAH,BAIK SEKALI,-,pddikti-1662,-,banpt-27,,TRUE,,FALSE
100,SEKOLAH TINGGI FARMASI INDONESIA,SWASTA,-,-1,-1,"{""website"": ""www.stfi.ac.id"", ""email"": ""stfindonesia@gmail.com"", ""phone"": ""022-756-6484 / 022-756-6666""}",-,24000000,6000000,48000000,48000000,72000000,96000000,"Jalan Soekarno Hatta No 354, KOTA BANDUNG",JAWA BARAT,B,-,pddikti-1102,-,banpt-3120,,TRUE,,FALSE
122,INSTITUT PARIWISATA TRISAKTI,SWASTA,-,-1,-1,"{""website"": ""iptrisakti.ac.id"", ""email"": ""info@iptrisakti.ac.id"", ""phone"": ""021-7377738-41 / 021-73887763""}",-,42250000,8500000,76000000,64250000,22500000,106000000,KOTA JAKARTA SELATAN,D.K.I. JAKARTA,UNGGUL,-,pddikti-1834,-,banpt-2133,,TRUE,,FALSE
124,UNIVERSITAS WARMADEWA,SWASTA,-,-1,-1,"{""website"": ""www.warmadewa.ac.id"", ""email"": ""info@warmadewa.ac.id"", ""phone"": ""0361223858 / 0361235073""}",-,6700000,3100000,10300000,13675000,6700000,20650000,"Jalan Terompong No. 24 Tanjung Bungkak Denpasar Bali, KOTA DENPASAR",BALI,UNGGUL,-,pddikti-308,-,banpt-1582,,TRUE,,FALSE
166,UNIVERSITAS KRISTEN INDONESIA TOMOHON,SWASTA,-,-1,-1,"{""website"": ""-"", ""email"": ""rektorat.ukit@gmail.com"", ""phone"": ""081343606077""}",-,17430000,3460000,31400000,31450000,41520000,62800000,"Jalan Raya Talete II Kampus II UKIT Kuranga, KOTA TOMOHON",SULAWESI UTARA,BAIK,-,pddikti-59,-,banpt-3406,,TRUE,,FALSE
182,UNIVERSITAS AMAL ILMIAH YAPIS WAMENA,SWASTA,-,-1,-1,"{""website"": ""https://www.unaim-wamena.ac.id/"", ""email"": ""unaim.wamena@gmail.com"", ""phone"": ""31751 / 34053""}",-,16125000,5000000,29250000,29250006,10000000,58500000,KABUPATEN JAYAWIJAYA,PAPUA,BAIK,-,pddikti-1909,-,banpt-321,,TRUE,gjls anggep per sms 5jt,FALSE
227,STIKES DARUSSALAM LHOKSEUMAWE,SWASTA,-,-1,-1,"{""website"": ""sdl.ac.id"", ""email"": ""info@sdl.ac.id"", ""phone"": ""0645-48082 / 0645-41150""}",-,12500054,3000000,25000000,25000108,6000000,50000000,"Jalan Sultan Iskandar Muda No. 24F Lhokseumawe, KOTA LHOKSEUMAWE",ACEH,BAIK,-,pddikti-2402,-,banpt-1126,,TRUE,,FALSE
228,UNIVERSITAS SAINS ALQUR AN,SWASTA,-,-1,-1,"{""website"": ""www.unsiq.ac.id"", ""email"": ""humas@unsiq.ac.id"", ""phone"": ""0286 321873 / 0286 323737""}",-,12500025,745000,25000000,25000050,1490000,50000000,"Jalan Raya Kalibeber Km 3 Mojotengah, KABUPATEN WONOSOBO",JAWA TENGAH,UNGGUL,-,pddikti-2459,-,banpt-628,,TRUE,,FALSE
245,POLITEKNIK INDONUSA SURAKARTA,SWASTA,-,-1,-1,"{""website"": ""www.poltekindonusa.ac.id"", ""email"": ""polinus@poltekindonusa.ac.id"", ""phone"": ""0271-743479 / 0271-743479""}",-,12037500,9600000,24000000,24075000,19200000,48000000,"Jalan KH Samanhudi No 31 Surakarta, KOTA SURAKARTA",JAWA TENGAH,BAIK SEKALI,-,pddikti-2471,-,banpt-1074,,TRUE,,FALSE
247,STKIP SINAR PANCASILA,SWASTA,-,-1,-1,"{""website"": ""http://stkip-spb.ac.id"", ""email"": ""stkip.spb26@gmail.com"", ""phone"": ""2511115 / 2511115""}",-,12000012,24,24000000,24000024,48,48000000,"Jln. Bakateu  No. 9 Betun, KABUPATEN MALAKA",NUSA TENGGARA TIMUR,BAIK,-,pddikti-295,-,banpt-2151,gladys,FALSE,web gabisa dibuka,FALSE
248,SEKOLAH TINGGI ILMU ADMINISTRASI CIMAHI,SWASTA,-,-1,-1,"{""website"": ""stiacimahi.ac.id"", ""email"": ""info@stiacimahi.ac.id"", ""phone"": ""087824917963 / 022-667-6561""}",-,12000002,3000000,24000002,24000005,6000000,48000004,"Jalan Raya Cibeber No 148 - Cimahi Selatan  Kota Cimahi, KOTA CIMAHI",JAWA BARAT,BAIK,-,pddikti-2160,-,banpt-3977,,TRUE,,FALSE
270,AKADEMI KEPERAWATAN RS MARTHEN INDEY,SWASTA,-,-1,-1,"{""website"": ""akpermarthenindey.ac.id"", ""email"": ""akpermarthenindey@yahoo.com"", ""phone"": ""523788 / 523788""}",-,11350000,50000,22650000,22700000,100000,45300000,"Jalan Diponegoro No.57 Jayapura Utara, KOTA JAYAPURA",PAPUA,BAIK,-,pddikti-360,-,banpt-2994,,FALSE,harga ga ada di web,FALSE
361,INSTITUT INFORMATIKA INDONESIA SURABAYA,SWASTA,-,-1,-1,"{""website"": ""www.ikado.ac.id"", ""email"": ""kontak@ikado.ac.id"", ""phone"": ""7346375 / 7349324""}",-,9258250,5400000,18500000,18516500,11000000,37000000,"Jalan Raya Sukomanunggal Jaya No. 3, KOTA SURABAYA",JAWA TIMUR,BAIK,-,pddikti-540,-,banpt-3976,,TRUE,,FALSE
413,UNIVERSITAS SANGGA BUANA,SWASTA,-,-1,-1,"{""website"": ""www.usbypkp.ac.id"", ""email"": ""pddikti@usbypkp.ac.id"", ""phone"": ""022-7275489 / 022-7201756""}",-,8225000,5500000,16440000,16450000,11000000,32880000,"Jalan PHH Mustopa No 68, KOTA BANDUNG",JAWA BARAT,UNGGUL,-,pddikti-155,-,banpt-569,,TRUE,,FALSE
462,STIKES WIRA MEDIKA BALI,SWASTA,-,-1,-1,"{""website"": ""www.stikeswiramedika.ac.id"", ""email"": ""info@stikeswiramedika.ac.id"", ""phone"": ""0361427699 / 0361427699""}",-,7500000,1,15000000,15000001,2,30000000,"Jalan Kecak No. 9A, KOTA DENPASAR",BALI,BAIK SEKALI,-,pddikti-1408,-,banpt-671,,FALSE,harga ga ada di web,FALSE
482,STIKES RAFLESIA,SWASTA,-,-1,-1,"{""website"": ""kampus.stikesraflesia.ac.id"", ""email"": ""stikesraflesiadepok@gmail.com"", ""phone"": ""021-8712294 / 021-87709480""}",-,3735000,13000000,14870000,14890000,26000000,29740000,"Jl. Mahkota Raya No. 32 B Komplek Pondok Duta 1, KOTA DEPOK",JAWA BARAT,BAIK,-,pddikti-357,-,banpt-944,,TRUE,,FALSE
559,UNIVERSITAS KRISTEN PALANGKA RAYA,SWASTA,-,-1,-1,"{""website"": ""ukpr.ac.id"", ""email"": ""academica@ukpr.ac.id"", ""phone"": ""0536-3222205 3307494 / 0536-3225316""}",-,6675000,1,13350000,13350001,2,26700000,"Jalan RTA Milono Km 8 5, KOTA PALANGKA RAYA",KALIMANTAN TENGAH,BAIK,-,pddikti-632,-,banpt-3036,,FALSE,ga nemu harga di web,FALSE
569,SEKOLAH TINGGI ILMU EKONOMI SEMARANG,SWASTA,-,-1,-1,"{""website"": ""stiesemarang.ac.id"", ""email"": ""officialstiesmg@gmail.com"", ""phone"": ""0248506802 / 0248506802""}",-,6515000,2050000,13000000,13030000,4100000,26000000,"Jalan Menoreh Utara Raya No 11 Semarang, KOTA SEMARANG",JAWA TENGAH,BAIK SEKALI,-,pddikti-1460,-,banpt-1292,,TRUE,,FALSE
636,UNIVERSITAS JENDERAL ACHMAD YANI YOGYAKARTA,SWASTA,-,-1,-1,"{""website"": ""www.unjaya.ac.id"", ""email"": ""biroaa.unjaya@gmail.com"", ""phone"": ""0274552489 / 0274557228""}",-,6042500,7000000,12000000,12085000,14000000,24000000,KABUPATEN SLEMAN,D.I. YOGYAKARTA,BAIK SEKALI,-,pddikti-1320,-,banpt-2400,,TRUE,,FALSE
637,UNIVERSITAS AKI,SWASTA,-,-1,-1,"{""website"": ""www.unaki.ac.id"", ""email"": ""universitasaki@unaki.ac.id"", ""phone"": ""024-3552555 / 024-3552111""}",-,6037500,3850000,12075000,12075001,7700000,24150000,"Jl. Imam Bonjol No. 15  16  17 Semarang, KOTA SEMARANG",JAWA TENGAH,BAIK SEKALI,-,pddikti-1222,-,banpt-1915,,TRUE,,FALSE
638,INSTITUT TEKNOLOGI KESEHATAN DAN SAINS MUHAMMADIYAH SIDRAP,SWASTA,-,-1,-1,"{""website"": ""itkesmusidrap.ac.id"", ""email"": ""rektorat@itkesmusidrap.ac.id"", ""phone"": ""042191366 / 042191366""}",-,6035000,2500000,12000000,12070000,5000000,24000000,KABUPATEN SIDENRENG RAPPANG,SULAWESI SELATAN,BAIK SEKALI,-,pddikti-1612,-,banpt-566,,TRUE,data 2023,FALSE
698,UNIVERSITAS INDONESIA MEMBANGUN,SWASTA,-,-1,-1,"{""website"": ""https://inaba.ac.id/"", ""email"": ""universitasinaba@inaba.ac.id"", ""phone"": ""7563919 / 7563921""}",-,5600000,4300000,11150000,11200000,8600000,13800000,KOTA BANDUNG,JAWA BARAT,B,-,pddikti-26,-,banpt-257,,TRUE,,FALSE
731,INSTITUT TEKNOLOGI NASIONAL YOGYAKARTA,SWASTA,-,-1,-1,"{""website"": ""itny.ac.id"", ""email"": ""info@itny.ac.id"", ""phone"": ""485390 / 487249""}",-,5352985,7525000,10700000,10705970,15050000,21400000,"Jalan Babarsari  Caturtunggal  Depok  Sleman  Yogyakarta, KOTA YOGYAKARTA",D.I. YOGYAKARTA,B,-,pddikti-2313,-,banpt-3326,,TRUE,,FALSE
758,UNIVERSITAS MUHAMMADIYAH SUMATERA BARAT,SWASTA,-,-1,-1,"{""website"": ""www.umsb.ac.id"", ""email"": ""info@umsb.ac.id"", ""phone"": ""0751-4851002 / 0751-482-274""}",-,5159714,3000000,10287500,10319429,6000000,20575000,"Jalan Pasir Kandang No 4 Koto Tangah, KOTA PADANG",SUMATERA BARAT,BAIK SEKALI,-,pddikti-840,-,banpt-2143,,TRUE,,FALSE
871,UNIVERSITAS MUSLIM NUSANTARA AL-WASHLIYAH,SWASTA,-,-1,-1,"{""website"": ""www.umnaw.ac.id"", ""email"": ""info@umnaw.ac.id"", ""phone"": ""061-7867044  7868487 / 061 - 7862747""}",-,4537500,7500000,9075000,9075001,15000000,18150000,"Jalan Garu II No 2 ; no 52 dan no 93  Jl. Lintas Medan Lubuk Pakam  Jl. Gedung Arc, KOTA MEDAN",SUMATERA UTARA,UNGGUL,-,pddikti-1960,-,banpt-679,,TRUE,,FALSE
874,UNIVERSITAS ISLAM 45,SWASTA,-,-1,-1,"{""website"": ""unismabekasi.ac.id"", ""email"": ""admin@unismabekasi.ac.id"", ""phone"": ""8801027 / 8801192""}",-,4513680,5500000,9027000,9027360,11000000,18054000,"Jalan Cut Meutia No 83, KOTA BEKASI",JAWA BARAT,B,-,pddikti-1170,-,banpt-1645,,TRUE,,FALSE
913,UNIVERSITAS TARUNA BAKTI,SWASTA,-,-1,-1,"{""website"": ""www.tbu.ac.id"", ""email"": ""info@tbu.ac.id"", ""phone"": ""022-4205-888/0888-2000-11""}",-,7825000,7500000,8150000,15650000,15000000,16300000,KOTA BANDUNG,JAWA BARAT,BAIK,-,pddikti-634,-,banpt-784,Feli,TRUE,Data kontak yang kosong udah ditambahin,FALSE
964,UNIVERSITAS DWIJENDRA,SWASTA,https://rencanamu.id/cari-kampus/universitas-dwijendra,-1,-1,"{""website"": ""www.undwi.ac.id"", ""email"": ""universitasdwijendra@yahoo.co.id"", ""phone"": ""0361-224383 / 0361-233974""}",-,5500000,4500000,6500000,11000000,9000000,13000000,"Jalan Kamboja No. 17, KOTA DENPASAR",BALI,B,-,pddikti-631,rencanamu-128,banpt-2521,,TRUE,,FALSE
971,UNIVERSITAS BAKTI INDONESIA,SWASTA,-,-1,-1,"{""website"": ""https://www.ubibanyuwangi.ac.id/"", ""email"": ""office@ubibanyuwangi.ac.id"", ""phone"": ""3912341 / 3912341""}",-,2800000,2200000,3400000,5600000,4400000,6800000,"Kampus terpadu bumi cempokosari no 40 Cluring Banyuwangi, KABUPATEN BANYUWANGI",JAWA TIMUR,BAIK,-,pddikti-677,-,banpt-65,,TRUE,Ketemunya biaya kuliah 2021,FALSE
972,SEKOLAH TINGGI ILMU KESEHATAN KESDAM IX/UDAYANA,SWASTA,-,-1,-1,"{""website"": ""http://stikeskesdamudayana.ac.id/"", ""email"": ""stikes.kesdam9@gmail.com"", ""phone"": ""263384 / 8424147""}",-,6650000,6000000,7300000,13300000,12000000,14600000,"Jl. Taman Kanak-Kanak Komp. PB Sudirman Denpasar, KOTA DENPASAR",BALI,BAIK,-,pddikti-542,-,banpt-83,,TRUE,Ketemunya biaya kuliah 2022,FALSE
1037,UNIVERSITAS PEMBINAAN MASYARAKAT INDONESIA,SWASTA,-,-1,-1,"{""website"": ""www.upmi.ac.id"", ""email"": ""upmi@upmi.ac.id"", ""phone"": ""061 7362927 / 061 7362927""}",-,3900009,2310000,4250000,6560000,4620000,8500000,"Jalan Teladan No 15, KOTA MEDAN",SUMATERA UTARA,BAIK,-,pddikti-1976,-,banpt-2927,,TRUE,,FALSE
1057,AKADEMI ANALIS KESEHATAN DELIMA HUSADA GRESIK,SWASTA,-,-1,-1,"{""website"": ""www.aakdelimahusadagresik.ac.id"", ""email"": ""aakdelimahusadagresik@gmail.com"", ""phone"": ""0313981918 / 0313978628""}",-,3852515,5030,7700000,7705030,10060,15400000,"Gresik, KABUPATEN GRESIK",JAWA TIMUR,BAIK,-,pddikti-68,-,banpt-2468,,FALSE,Gada S1,FALSE
1104,STKIP MUHAMMADIYAH LUMAJANG,SWASTA,-,-1,-1,"{""website"": ""stkipmuhlmj.ac.id"", ""email"": ""stkipmuhlmj@gmail.com"", ""phone"": ""0334-881984""}",-,1500000,1500000,1500000,3000000,3000000,3000000,"Jalan Brantas No 7, KABUPATEN LUMAJANG",JAWA TIMUR,BAIK,-,pddikti-136,-,banpt-2624,,TRUE,"Data web yg kosong udh ditambahin, biaya yg dimasukin cm SPP soalny yg lain gatau bayar per smt ato nda kyk ada biaya perpustakaan",FALSE
1116,AKADEMI FARMASI BUMI SILIWANGI,SWASTA,-,-1,-1,"{""website"": ""www.akfarbumsil.ac.id"", ""email"": ""akfarbumsilbdg@gmail.com"", ""phone"": ""022-87303936""}",-,3655000,0,7310000,7310000,0,14620000,"Bandung, KOTA BANDUNG",JAWA BARAT,BAIK,-,pddikti-2427,-,banpt-2392,,FALSE,Gada S1,FALSE
1137,UNIVERSITAS TEKNOLOGI DIGITAL,SWASTA,-,-1,-1,"{""website"": ""www.digitechuniversity.ac.id"", ""email"": ""univeteknologidigital@gmail.com"", ""phone"": ""0818618611""}",-,4050000,3900000,4200000,8100000,7800000,8400000,KOTA BANDUNG,JAWA BARAT,BAIK,-,pddikti-1136,-,banpt-1600,,TRUE,,FALSE
1139,INSTITUT TEKNOLOGI DAN BISNIS ASIA MALANG,SWASTA,-,-1,-1,"{""website"": ""www.asia.ac.id"", ""email"": ""asia@asia.ac.id"", ""phone"": ""-478877 / -4345225""}",-,3800000,3350000,4250000,7600000,6700000,8500000,KOTA MALANG,JAWA TIMUR,BAIK,-,pddikti-2006,-,banpt-3438,,TRUE,,FALSE
1201,UNIVERSITAS MIKROSKIL,SWASTA,-,-1,-1,"{""website"": ""www.mikroskil.ac.id"", ""email"": ""info@mikroskil.ac.id"", ""phone"": ""4573767 / 4567789""}",-,6250000,5750000,6750000,12500000,11500000,13500000,KOTA MEDAN,SUMATERA UTARA,B,-,pddikti-198,-,banpt-3207,,TRUE,,FALSE
1211,UNIVERSITAS YPPI REMBANG,SWASTA,-,-1,-1,"{""website"": ""http://www.uyr.ac.id"", ""email"": ""univ.yppi.rembang@gmail.com"", ""phone"": ""6999002""}",-,3902500,3695000,4110000,7805000,7390000,8220000,KABUPATEN REMBANG,JAWA TENGAH,BAIK,-,pddikti-2208,-,banpt-2040,,TRUE,Data 2020/2021,FALSE
1230,STIE PASIM SUKABUMI,SWASTA,-,-1,-1,"{""website"": ""www.stiepasim.ac.id"", ""email"": ""stiepasim.smi@gmail.com"", ""phone"": ""0266-221173 / 0266-221173""}",-,2400000,2400000,2400000,4800000,4800000,4800000,"Sukabumi, KOTA SUKABUMI",JAWA BARAT,BAIK,-,pddikti-923,-,banpt-2685,,TRUE,,FALSE
1231,AKADEMI FISIOTERAPI YAB YOGYAKARTA,SWASTA,-,-1,-1,"{""website"": ""www.akfisyab.co.id/beta"", ""email"": ""akfisyab1@yahoo.com"", ""phone"": ""085100104291/4396908 / 0274-4396908""}",-,3250008,16,6500000,6500016,32,13000000,"Jl Ring Road Selatan Giwangan Umbulharjo Jogjakarta, KOTA YOGYAKARTA",D.I. YOGYAKARTA,BAIK,-,pddikti-1208,-,banpt-1625,,FALSE,Gada S1,FALSE
1312,UNIVERSITAS BALI DWIPA,SWASTA,-,-1,-1,"{""website"": ""www.balidwipa.ac.id"", ""email"": ""info@balidwipa.ac.id"", ""phone"": ""081529455314""}",-,6175000,4550000,7800000,12350000,9100000,15600000,"Jl. Pulau Flores No. 5, KOTA DENPASAR",BALI,BAIK,-,pddikti-267,-,banpt-2138,,TRUE,,FALSE
1325,STMIK IKMI CIREBON,SWASTA,-,-1,-1,"{""website"": ""www.ikmi.ac.id"", ""email"": ""pmb@ikmi.ac.id"", ""phone"": ""490481 / 490480""}",-,3000000,2500000,3500000,6000000,5000000,7000000,"Jl. Perjuangan No. 10 B Majasem, KOTA CIREBON",JAWA BARAT,BAIK,-,pddikti-1823,-,banpt-2210,,TRUE,,FALSE
1331,AKADEMI KOMUNITAS OLAT MARAS,SWASTA,-,-1,-1,"{""website"": ""www.akoms.ac.id"", ""email"": ""akomngebutjaya@gmail.com"", ""phone"": """"}",-,3000001,1,6000001,6000002,2,12000002,"Jalan Raya Olat Maras  Pemek  Moyo Hulu, KABUPATEN SUMBAWA",NUSA TENGGARA BARAT,BAIK,-,pddikti-1002,-,banpt-2703,,FALSE,Gada S1,FALSE
1333,UNIVERSITAS ADZKIA,SWASTA,-,-1,-1,"{""website"": ""https://adzkia.ac.id/"", ""email"": ""informasi@adzkia.ac.id"", ""phone"": ""497107 / 497107""}",-,3000000,3600000,6000000,6000001,4600000,12000000,KOTA PADANG,SUMATERA BARAT,B,-,pddikti-1846,-,banpt-1897,Jes,TRUE,,FALSE
1430,UNIVERSITAS LABUHANBATU,SWASTA,-,-1,-1,"{""website"": ""http://ulb.ac.id"", ""email"": ""admin@ulb.ac.id"", ""phone"": ""7671311 / 21901""}",-,2825000,6000000,7500000,5650000,12000000,15000000,KABUPATEN LABUHAN BATU,SUMATERA UTARA,B,-,pddikti-1913,-,banpt-2469,,TRUE,,FALSE
1505,AKADEMI KESEJAHTERAAN SOSIAL AKK,SWASTA,-,-1,-1,"{""website"": ""www.aks-akk.ac.id"", ""email"": ""aks_akk@yahoo.co.id"", ""phone"": ""0274373142 / 0274383560""}",-,3200000,4000000,4200000,6500000,8000000,8200000,"Jalan Nitikan No 69, KOTA YOGYAKARTA",D.I. YOGYAKARTA,BAIK,-,pddikti-1134,-,banpt-3072,,TRUE,Gaada S1,FALSE
1687,UNIVERSITAS BANTEN JAYA,SWASTA,-,-1,-1,"{""website"": ""http://www.unbaja.ac.id"", ""email"": ""unbaja@unbaja.ac.id"", ""phone"": ""0254-209583 / 0254-217066""}",-,2272500,2300000,4500000,4545000,4600000,9000000,"Jl. Ciwaru II No. 73 Kota Serang-Banten, KOTA SERANG",BANTEN,BAIK,-,pddikti-1376,-,banpt-2925,,TRUE,,FALSE
1727,SEKOLAH TINGGI ILMU EKONOMI MULIA SINGKAWANG,SWASTA,-,-1,-1,"{""website"": ""stiemulia_singkawang.com"", ""email"": ""stie_mulia_skw@yahoo.com"", ""phone"": ""0562-637956 / 0562-637443""}",-,2125003,6,4250000,4250006,12,8500000,"Jalan Dr Sutomo 89, KOTA SINGKAWANG",KALIMANTAN BARAT,BAIK,-,pddikti-1206,-,banpt-3002,,FALSE,Gaada web ny,FALSE
1748,UNIVERSITAS NAHDLATUL ULAMA CIREBON,SWASTA,-,-1,-1,"{""website"": ""www.unucirebon.ac.id"", ""email"": ""operator@unucirebon.ac.id"", ""phone"": ""0231-235900 / 0231-235900""}",-,2000073,146,4000000,4000146,292,8000000,"Jalan Sisingamangaraja nomor 33 - Cirebon, KOTA CIREBON",JAWA BARAT,BAIK,-,pddikti-245,-,banpt-1389,,FALSE,Web lg maintenance,FALSE
1772,INSTITUT TEKNOLOGI DAN BISNIS DINIYYAH LAMPUNG,SWASTA,-,-1,-1,"{""website"": ""www.instidla.ac.id"", ""email"": ""humas.instidla@gmail.com"", ""phone"": ""08117900072""}",-,1950000,3195000,3850000,3900000,5715000,7700000,"Kabupaten Pesawaran Provinsi Lampung, KABUPATEN PASAWARAN",LAMPUNG,BAIK,-,pddikti-1334,-,banpt-1596,,TRUE,,FALSE
1793,UNIVERSITAS PAT PETULAI,SWASTA,-,-1,-1,"{""website"": ""https://upprl.ac.id/"", ""email"": ""upp.rejanglebong@gmail.com"", ""phone"": ""21221 / 21221""}",-,1800010,2750000,3600000,3600020,5500000,7200000,"Jalan Basuki Rahmat No. 13 Dwi Tunggal, KABUPATEN REJANG LEBONG",BENGKULU,BAIK,-,pddikti-1076,-,banpt-3081,,TRUE,,FALSE
1802,SEKOLAH TINGGI PARIWISATA  SOROMANDI BIMA,SWASTA,-,-1,-1,"{""website"": ""stiparsoromandibima.ac.id"", ""email"": ""stiparsoromandibima@gmail.com"", ""phone"": ""082235892567""}",-,1750041,82,3500000,3500082,164,7000000,"Jl. Lintas  Soromandi Desa Punti, KABUPATEN BIMA",NUSA TENGGARA BARAT,BAIK,-,pddikti-287,-,banpt-2565,,FALSE,"Web gbs dibuka, gaada info jg di google",FALSE
1803,INSTITUT PENDIDIKAN SOE,SWASTA,-,-1,-1,"{""website"": ""-"", ""email"": ""-"", ""phone"": """"}",-,1750000,4175000,4800000,3500001,8350000,9800000,KABUPATEN TIMOR TENGAH SELATAN,NUSA TENGGARA TIMUR,BAIK,-,pddikti-1036,-,banpt-2396,,TRUE,,FALSE
1824,UNIVERSITAS TEKNOLOGI NUSANTARA,SWASTA,-,-1,-1,"{""website"": ""www.universitasteknologinusantara.ac.id"", ""email"": ""sekretariat.utn@gmail.com"", ""phone"": ""7508866""}",-,1623100,4050000,4700000,3246201,8100000,9400000,"Jl. Raya Pemda Pangkalan II No. 66, KABUPATEN BOGOR",JAWA BARAT,BAIK,-,pddikti-642,-,banpt-798,,TRUE,,FALSE
1849,AMIK BUKITTINGGI,SWASTA,-,-1,-1,"{""website"": ""www.amikboekittinggi.ac.id"", ""email"": ""amik_bkt@yahoo.com"", ""phone"": ""0752-8100928 / 0752-32447""}",-,4200000,3800000,4500000,8400000,7600000,9000000,"Jl Birugo Bungo No 137  Bukittinggi, KOTA BUKITTINGGI",SUMATERA BARAT,BAIK,-,pddikti-988,-,banpt-2727,,TRUE,,FALSE
1853,AKADEMI PARIWISATA PARAMITHA BUKITTINGGI,SWASTA,-,-1,-1,"{""website"": ""akparparamitha-bkt.ac.id"", ""email"": ""akademiparamithabkt@yahoo.co.id"", ""phone"": ""0752 - 22201 / 0752 - 22201""}",-,1400005,6600000,7500000,14000000,13200000,15000000,"Jalan Veteran No 199 Jirek - Simpang Tembok, KOTA BUKITTINGGI",SUMATERA BARAT,BAIK,-,pddikti-1246,-,banpt-1692,,TRUE,,FALSE
1876,SEKOLAH TINGGI TEKNOLOGI INDUSTRI BONTANG,SWASTA,-,-1,-1,"{""website"": ""www.sttibontang.ac.id/"", ""email"": ""sttibyabis2@gmail.com"", ""phone"": ""0548-21512 / 0548-21512""}",-,1200066,132,2400000,2400132,264,4800000,"Jalan Bhayangkara No 26, KOTA BONTANG",KALIMANTAN TIMUR,BAIK,-,pddikti-493,-,banpt-3696,,FALSE,"Gaada info di web, di gugel jg gada",FALSE
1877,AKADEMI MANAJEMEN INFORMATIKA DAN KOMPUTER SERANG,SWASTA,-,-1,-1,"{""website"": ""www.amikserang.ac.id"", ""email"": ""info@amikserang.ac.id"", ""phone"": ""0254-202486 / 0254202486""}",-,1200012,1900000,2400000,2400024,2800000,4800000,"Jl KH Abdul Fatah Hasan No 32 Ciceri, KOTA SERANG",BANTEN,BAIK,-,pddikti-614,-,banpt-439,,TRUE,,FALSE
1885,UNIVERSITAS NAHDLATUL ULAMA MALUKU UTARA,SWASTA,-,-1,-1,"{""website"": ""https://unutara.ac.id/"", ""email"": ""unutara.ac.id"", ""phone"": ""081233584441""}",-,3700000,3350000,3800000,7400000,5600000,7600000,KOTA TERNATE,MALUKU UTARA,BAIK,-,pddikti-2458,-,banpt-1271,,TRUE,,FALSE
1897,UNIVERSITAS PUTRA BANGSA,SWASTA,-,-1,-1,"{""website"": ""universitasputrabangsa.ac.id"", ""email"": ""upb@universitasputrabangsa.ac.id"", ""phone"": ""0287 384011 / 0287 386675""}",-,5100000,4700000,5400000,10200000,9400000,10800000,KABUPATEN KEBUMEN,JAWA TENGAH,BAIK SEKALI,-,pddikti-720,-,banpt-2537,,TRUE,,FALSE
1911,UNIVERSITAS AMIR HAMZAH,SWASTA,-,-1,-1,"{""website"": ""www.unhamzah.ac.id"", ""email"": ""unham@unhamzah.ac.id"", ""phone"": ""061 6614160 / 061 6614160""}",-,6200000,5750000,6600000,12400000,11500000,13200000,"Jalan Pancing Pasar V Barat Medan Estate, KABUPATEN DELI SERDANG",SUMATERA UTARA,BAIK,-,pddikti-1742,-,banpt-2491,,TRUE,,FALSE
1914,UNIVERSITAS BANI SALEH,SWASTA,-,-1,-1,"{""website"": ""www.ubs.ac.id"", ""email"": ""info@ubs.ac.id"", ""phone"": ""0218800992""}",-,12725000,5450000,20000000,25450000,10900000,40000000,KOTA BEKASI,JAWA BARAT,BAIK SEKALI,-,pddikti-172,-,banpt-2212,Dika,TRUE,"Cuma nemu data tahun 2023 di scribd, di web asli ga ada",FALSE
1915,STKIP AGAMA HINDU AMLAPURA,SWASTA,-,-1,-1,"{""website"": ""website.stkip-amlapura.ac.id"", ""email"": ""stkipamlapura@ymail.com"", ""phone"": ""0363-23549 / 0363-23549""}",-,3145000,3145000,3145000,6290000,6290000,6290000,"Jalan Ngurah Rai No 35 Amlapura, KABUPATEN KARANG ASEM",BALI,BAIK,-,pddikti-1244,-,banpt-3281,,TRUE,"Kayaknya harga smeua jurusan sama, aku cek diweb nya cuma ada 1 macam harga (https://stkip-amlapura.ac.id/biaya-kuliah/#1630241040786-a69edff1-675d)",FALSE
1916,UNIVERSITAS NURUL JADID,SWASTA,-,-1,-1,"{""website"": ""https://www.unuja.ac.id"", ""email"": ""unuja@unuja.ac.id"", ""phone"": ""08883077077 / 08883077077""}",-,7050000,3100000,11000000,14100000,6200000,22000000,"PP Nurul Jadid Pox Box 1  Karanganyar  Paiton, KABUPATEN PROBOLINGGO",JAWA TIMUR,BAIK SEKALI,-,pddikti-185,-,banpt-335,,TRUE,,FALSE
1917,STKIP PESISIR SELATAN,SWASTA,-,-1,-1,"{""website"": ""www.stkip-pessel.ac.id"", ""email"": ""stkip_ps@yahoo.com"", ""phone"": """"}",-,325,325,325,650,650,650,"Jln. Limau Sundai  Balai Selasa  Kecamatan Ranah Pesisir  Kabupaten Pesisir Sela, KABUPATEN PESISIR SELATAN",SUMATERA BARAT,BAIK,-,pddikti-154,-,banpt-1206,,FALSE,"Gaada info di web nya, di google juga",FALSE
1918,SEKOLAH TINGGI ILMU KOMPUTER YOS SUDARSO,SWASTA,-,-1,-1,"{""website"": ""stikyos.ac.id"", ""email"": ""stikyos@stikyos.ac.id"", ""phone"": ""6845088 / 6845089""}",-,5982500,5465000,6500000,11965000,10930000,13000000,"Jalan SMP 5 Karangklesem Purwokerto, KABUPATEN BANYUMAS",JAWA TENGAH,BAIK,-,pddikti-348,-,banpt-2239,,TRUE,,FALSE
1919,UNIVERSITAS MUHAMMADIYAH SIDOARJO,SWASTA,https://rencanamu.id/cari-kampus/universitas-muhammadiyah-sidoarjo,8230,8230,"{""website"": ""www.umsida.ac.id"", ""email"": ""akademik@umsida.ac.id"", ""phone"": ""8945444 / 8949333""}",-,24262500,4275000,44250000,48525000,8550000,88500000,"Jalan Mojopahit 666-B Sidoarjo, KABUPATEN SIDOARJO",JAWA TIMUR,B,-,pddikti-2434,rencanamu-217,banpt-1866,,TRUE,,FALSE
1920,UNIVERSITAS STRADA INDONESIA,SWASTA,-,-1,-1,"{""website"": ""www.strada.ac.id"", ""email"": ""official@strada.ac.id"", ""phone"": ""0811 3500 876""}",-,1,1,1,2,2,2,KOTA KEDIRI,JAWA TIMUR,BAIK,-,pddikti-506,-,banpt-623,,FALSE,"Gaada info di web nya, di google juga",FALSE
1921,STKIP GOTONG ROYONG MASOHI,SWASTA,-,-1,-1,"{""website"": ""https://stkipgrm.ac.id"", ""email"": ""stkip_gtrmasohi@rocketmail.com"", ""phone"": """"}",-,1,1,1,2,2,2,"Masohi Maluku Tengah, KABUPATEN MALUKU TENGAH",MALUKU,BAIK,-,pddikti-1413,-,banpt-3986,,FALSE,"Gaada info di web nya, di google juga",FALSE
1922,AKADEMI KOMUNIKASI SAE INDONESIA,SWASTA,-,-1,-1,"{""website"": ""www.jakarta.sae.edu"", ""email"": ""g.putra@sae.edu"", ""phone"": ""7890145 / 7818847""}",-,36450000,19500000,53400000,72900000,39000000,106800000,"Jalan Pejaten Raya No 31  Pasar Minggu  Jakarta Selatan, KOTA JAKARTA SELATAN",D.K.I. JAKARTA,BAIK,-,pddikti-1175,-,banpt-1607,,TRUE,,FALSE
1923,STIKES WIJAYA HUSADA BOGOR,SWASTA,-,-1,-1,"{""website"": """", ""email"": ""wijayahusada@gmail.com"", ""phone"": ""0251-8327396""}",-,1,1,1,2,2,2,"Jl Raya Sindang Barang KM 86, KOTA BOGOR",JAWA BARAT,BAIK SEKALI,-,pddikti-115,-,banpt-3709,,FALSE,"Gaada info di web nya, di google juga",FALSE
1924,AKADEMI KEBIDANAN WIJAYA HUSADA,SWASTA,-,-1,-1,"{""website"": """", ""email"": ""wijayahusada8@gmail.com"", ""phone"": ""081295819088""}",-,1,1,1,2,2,2,"Bogor, KABUPATEN BOGOR",JAWA BARAT,BAIK,-,pddikti-163,-,banpt-3695,,FALSE,"Gaada info di web nya, di google juga",FALSE
1925,UNIVERSITAS TULANG BAWANG,SWASTA,-,-1,-1,"{""website"": ""https://utb.ac.id"", ""email"": ""admin@utb.ac.id"", ""phone"": ""252686 257108 / 257108""}",-,5000000,5000000,5000000,10000000,10000000,10000000,"Jalan Gajahmada 34 Kotabaru, KOTA BANDAR LAMPUNG",LAMPUNG,BAIK SEKALI,-,pddikti-1120,-,banpt-2140,,FALSE,Cuma nemu info dari web lain (https://www.universitas123.com/news/jurusan-dan-biaya-kuliah-universitas-tulang-bawang-bandar-lampung),FALSE