faculty,building_name,address,quipper_institution_code
Fakultas Ekonomi dan Bisnis,Kampus 1,"Jl. Tanjung Duren Raya no. 4, Jakarta Barat",1
Fakultas Psikologi,Kampus 1,"Jl. Tanjung Duren Raya no. 4, Jakarta Barat",1
Fakultas Ilmu Sosial dan Humaniora,Kampus 1,"Jl. Tanjung Duren Raya no. 4, Jakarta Barat",1
Fakultas Teknik dan Ilmu Komputer,Kampus 1,"Jl. Tanjung Duren Raya no. 4, Jakarta Barat",1
Fakultas Kedokteran dan Ilmu Kesehatan,Kampus 2,"Jl. Arjuna Utara no. 6, Jakarta Barat",1
ALL,Kampus 3,"Kokan Permata Blok A no. 6-8, Jl. Boulevard Bukit Gading Raya, Kelapa Gading, Jakarta Utara",1
Event Management,Politeknik Internasional Bali (PIB),"Jalan Pantai Nyanyi, Beraban",2
Culinary Arts,Politeknik Internasional Bali (PIB),"Jalan Pantai Nyanyi, Beraban",2
Hotel Management,Politeknik Internasional Bali (PIB),"Jalan Pantai Nyanyi, Beraban",2
ALL,Cilandak Campus,"Jl. RA. Kartini (TB Simatupang), Cilandak Barat Jakarta Selatan, Jakarta Selatan 12430",3
ALL,Kampus BSD,"BSD City Kavling Edutown I.1 Jl. BSD Raya Utama, BSD City 15339 Kabupaten Tangerang, Indonesia",3
ALL,Kantor PPM Center Jababeka,Kawasan Industri Jababeka 1.  Jl. Jababeka Raya Kav A-2 Cikarang JB 17530 – Indonesia),4
ALL,Kantor PPM Center Surabaya,"Graha Pena, Jl. Ahmad Yani No.88, Ketintang, Gayungan, Kota SBY, Jawa Timur 60234",4
Ekonomi,Kampus Utama,"Jl. Menteng Raya No.9-19, RT.1/RW.10, Kb. Sirih, Menteng, Jakarta Pusat, DKI Jakarta 10340",4
ALL,Kantor PPM Center Makassar,"Jl. Boto Lempangan No.52, Sawerigading, Kec. Makassar, Kota Makassar, Sulawesi Selatan 90115",4
Fakultas Teknologi Industri,Universitas Atma Jaya Yogyakarta,Jl. Babarsari 44 Yogyakarta 55281,5
Fakultas Teknik,Universitas Atma Jaya Yogyakarta,Jl. Babarsari 44 Yogyakarta 55281,5
Fakultas Hukum,Universitas Atma Jaya Yogyakarta,Jl. Babarsari 44 Yogyakarta 55281,5
Fakultas Teknobiologi,Universitas Atma Jaya Yogyakarta,Jl. Babarsari 44 Yogyakarta 55281,5
Fakultas Bisnis dan Ekonomika,Universitas Atma Jaya Yogyakarta,Jl. Babarsari 44 Yogyakarta 55281,5
Fakultas Ilmu Sosial dan Politik,Universitas Atma Jaya Yogyakarta,Jl. Babarsari 44 Yogyakarta 55281,5
Program Internasional,Universitas Atma Jaya Yogyakarta,Jl. Babarsari 44 Yogyakarta 55281,5
Fakultas Keguruan dan Ilmu Pendidikan,Universitas Esa Unggul (UEU),"Jl. Arjuna Utara No. 9, Kebon Jeruk, Jakarta Barat 11510",6
Fakultas Ilmu Komunikasi,Universitas Esa Unggul (UEU),"Jl. Arjuna Utara No. 9, Kebon Jeruk, Jakarta Barat 11510",6
Fakultas Ilmu Komputer,Universitas Esa Unggul (UEU),"Jl. Arjuna Utara No. 9, Kebon Jeruk, Jakarta Barat 11510",6
Fakultas Teknik,Universitas Esa Unggul (UEU),"Jl. Arjuna Utara No. 9, Kebon Jeruk, Jakarta Barat 11510",6
Fakultas Fisioterapi,Universitas Esa Unggul (UEU),"Jl. Arjuna Utara No. 9, Kebon Jeruk, Jakarta Barat 11510",6
Fakultas Desain dan Industri Kreatif,Universitas Esa Unggul (UEU),"Jl. Arjuna Utara No. 9, Kebon Jeruk, Jakarta Barat 11510",6
Fakultas Ekonomi dan Bisnis,Universitas Esa Unggul (UEU),"Jl. Arjuna Utara No. 9, Kebon Jeruk, Jakarta Barat 11510",6
Fakultas Psikologi,Universitas Esa Unggul (UEU),"Jl. Arjuna Utara No. 9, Kebon Jeruk, Jakarta Barat 11510",6
Fakultas Hukum,Universitas Esa Unggul (UEU),"Jl. Arjuna Utara No. 9, Kebon Jeruk, Jakarta Barat 11510",6
Fakultas Ilmu-Ilmu Kesehatan,Universitas Esa Unggul (UEU),"Jl. Arjuna Utara No. 9, Kebon Jeruk, Jakarta Barat 11510",6
ALL,Universitas Esa Unggul - International Campus,"Jl. Raya Legok – Karawaci, Curug Sangereng, Klp. Dua, Tangerang, Banten 15810",6
ALL,Universitas Esa Unggul - Kampus Tangerang,"Jl. Citra Raya Boulevard Blok. S 25/ 01, Kelurahan Panongan, Kecamatan Panongan, Kabupaten Tangerang, Banten 15711",6
ALL,Universtas Esa Unggul - Kampus Bekasi,"Jl. Harapan Indah Boulevard No. 2, Pusaka Rakyat, Kec. Tarumajaya, Bekasi, Jawa Barat 17214",6
ALL,Kampus Utama,"Jl. Kedoya Raya No.18,
Jakarta Barat 11520",7
ALL,Kampus Utama,Jalan Kalidami Nomor 14-16 Surabaya,8
ALL,Kampus Utama,"Jl. Tol Ciawi No. 1, Ciawi-Bogor",9
ALL,Kampus Utama,"Jl. Kalitanjung No.14 - 18 A, Harjamukti, Kec. Harjamukti, Kota Cirebon, Jawa Barat 45143",10
ALL,Kampus Utama,"Kawasan Zona Madina Dompet Dhuafa, Jalan Raya Parung Bogor KM 42 Desa Jampang, Kec. Kemang, Kab. Bogor",11
ALL,Kampus Ancol,"Jl. Lodan Raya No. 2 Ancol, Jakarta Utara 14430",12
ALL,Kampus Serpong,"Jalan Jalur Sutera Barat kav. 7-9, Alam Sutera, Tangerang, Banten, 15143",12
Fakultas Keguruan dan Ilmu Pendidikan,Universitas Ibn Khaldun (UIKA) Bogor,"Jln. KH. Sholeh Iskandar, RT.01/RW.10, Kedung Badak, Kec. Tanah Sereal, Kota Bogor, Jawa Barat 16162",13
Fakultas Teknik dan Sains,Universitas Ibn Khaldun (UIKA) Bogor,"Jln. KH. Sholeh Iskandar, RT.01/RW.10, Kedung Badak, Kec. Tanah Sereal, Kota Bogor, Jawa Barat 16162",13
Fakultas Hukum,Universitas Ibn Khaldun (UIKA) Bogor,"Jln. KH. Sholeh Iskandar, RT.01/RW.10, Kedung Badak, Kec. Tanah Sereal, Kota Bogor, Jawa Barat 16162",13
Fakultas Ilmu Kesehatan,Universitas Ibn Khaldun (UIKA) Bogor,"Jln. KH. Sholeh Iskandar, RT.01/RW.10, Kedung Badak, Kec. Tanah Sereal, Kota Bogor, Jawa Barat 16162",13
Fakultas Ekonomi dan Bisnis,Universitas Ibn Khaldun (UIKA) Bogor,"Jln. KH. Sholeh Iskandar, RT.01/RW.10, Kedung Badak, Kec. Tanah Sereal, Kota Bogor, Jawa Barat 16162",13
Fakultas Agama Islam,Universitas Ibn Khaldun (UIKA) Bogor,"Jln. KH. Sholeh Iskandar, RT.01/RW.10, Kedung Badak, Kec. Tanah Sereal, Kota Bogor, Jawa Barat 16162",13
ALL,Kampus Utama,"Jalan Nginden Intan Timur I/18, Surabaya 60118",14
ALL,Kampus Tangerang,"Jalan Daan Mogot Nomor 31, Tangerang",15
ALL,Kampus Depok,"Jalan Margonda Raya Nomor 545, Depok",15
ALL,Kampus Utama,"Jalan Jatiwaringin Nomor 2, Cipinang Melayu, Makasar, Jakarta Timur",15
ALL,Kampus Cengkareng,"Jalan Kamal Raya Nomor 18, Ringroad Barat, Cengkareng, Jakarta Barat",15
ALL,Kampus Damai,"Jalan Damai Nomor 8, Warung Jari Barat (Margasatwa), Jakarta Selatan",15
ALL,Kampus Kramat 18,"Jalan Kramat Raya Nomor 18, Jakarta Pusat",15
ALL,Kampus Bekasi,"Jalan Raya Kaliabang Nomor 8, Perwira, Bekasi Utara",15
ALL,Kampus Utama,"Jl. Raya Jatiwaringin.
Jakarta Timur.
Indonesia.",16
ALL,Kampus A,"Komplek Pendidikan Perguruan Muhammadiyah Kramat Jl. Kramat Raya No.49, Lantai 4-5 Jakarta Pusat 10450",17
ALL,Kampus B,Jl. Minangkabau No. 60 – Manggarai Jakarta Selatan 12970,17
ALL,Kampus C,Jl. Sungai Kendal No. 146 Jakarta Utara 14140,17
ALL,Kampus 9,"Jl. Dewi Sartika No. 1 Debong Kulon RT. 001 / RW. 001, Tegal Selatan, Debong Kulon, Tegal",18
ALL,Kampus 1,"Jl. Tirto Agung Pedalangan, Banyumanik, Semarang 50268",18
ALL,Kampus 4,"Jl. Ahmad Yani, Ketanggar, Karangjati, Blora",18
ALL,Kampus 5,"Jl. Perintis Kemerdekaan, Magelang",18
ALL,Kampus 3,"Jl. Wolter Monginsidi No. 115, Pedurungan,Semarang",18
ALL,Kampus 6,"Jl. Perintis Kemerdekaan No.5, Pekalongan",18
ALL,Kampus 8,"Jl. Adipati Mercy, Purwokerto",18
ALL,Kampus 7,"Jl. Raya Baturraden KM.12, Kabupaten Banyumas",18
ALL,Kampus 10,"Jl. Laut No.21, Patukangan, Kendal, Kabupaten Kendal",18
ALL,Kampus Utama,Jl. Raya Siliwangi No. 6 Rawa Panjang Kota Bekasi - Jawa Barat,19
ALL,Kampus Cinagara,"Jalan Snakma
Desa Pasir Buncir, Kecamatan Caringin
Kabupaten Bogor, Jawa Barat, 16730",20
ALL,Kampus Cibalagung,"Jl. Aria Surialaga No. 1 Pasirjaya
Kecamatan. Bogor Barat
Kota Bogor, Jawa Barat 16119",20
ALL,Kampus Utama (A),Jl. Protokol Halim Perdanakusuma Komplek Bandara Halim Perdanakusuma Jakarta Timur 13610,21
ALL,Kampus B,"Jl. Angkasa, Komplek Angkasa
Halim Perdanakusuma
Jakarta Timur 13610",21
ALL,Universitas Ciputra Surabaya,"CitraLand CBD Boulevard, Made, Kecamatan Sambikerep, Kota Surabaya, Jawa Timur, 60219, Indonesia",22
ALL,Kampus Utama,"Jl. IKPN Bintaro No.1, RT. 4 / RW. 12, Bintaro, Pesanggrahan, Jakarta Selatan, 12330",23
ALL,Kampus Utama,"Jl. Dr. Ir. H. Soekarno No.201, Klampis Ngasem, Kec. Sukolilo, Kota Surabaya, Jawa Timur 60117",24
ALL,Kampus Utama,"Jl. Sawo Manila, Pejaten Ps. Minggu Jakarta 12520",25
ALL,Kampus Utama,"Jl. Letjend Ibrahim Adjie No. 180, Sindang Barang, Bogor Barat",26
ALL,Kampus Utama,"Jl. Pumpungan III No. 29, Surabaya",27
Perkeretaapian,Kampus Utama,"Jalan Tirta Raya, Kota Madiun, Jawa Timur",28
ALL,Kampus Utama,"Jl. KH. Wahid Hasyim no. 65, Kediri, Jawa Timur, 64114",29
ALL,Kampus Utama,"Jalan Kolonel Masturi Nomor 288,
Kabupaten Bandung Barat,
Jawa Barat, Indonesia 40559",30
ALL,Kampus Utama,"Jl. Karapitan No. 116, Bandung, Jawa Barat",31
ALL,Kampus Utama,Jl. Pulomas Selatan Kav. 23 Jakarta Timur,32
ALL,Kampus Utama,"Jl. Gapura No.8 Rawa Banteng Desa Cibuntu, Kecamatan Cibitung, Kabupaten Bekasi, Provinsi Jawa Barat, Indonesia.",33
Administrasi Bisnis,Kampus Utama,"Jl. Rawajati Timur I/1. Kalibata, Pancoran. Jakarta Selatan, DKI Jakarta. 12750",34
ALL,Kampus Utama,"Jalan Pancaka No. 7B Mataram, Nusa Tenggara Barat, Indonesia",35
ALL,Kampus Utama,"Jl. Selomangleng No. 1, Pojok, Kec. Mojoroto, Kota Kediri, Jawa Timur 64115",36
ALL,Kampus Utama,"Jl. Walet No.21, Sutawinangun, Cirebon",37
ALL,Kampus Pegangsaan,"Jl. Pegangsaan Timur No. 17a, Menteng, Jakarta Pusat 10310",38
ALL,Kampus Kimia,"Jl. Kimia No. 20. Menteng, Jakarta Pusat 10320",38
ALL,Kampus Wolter,"Jl. Wolter Monginsidi No. 84AE, Kebayoran Baru, Jakarta Selatan 12170",38
ALL,Kampus Utama,"Jalan Bougenville, Tateli Satu, Pineleng, Tateli Satu, Mandolang, Kabupaten Minahasa, Sulawesi Utara 95661",39
ALL,Kampus A,"Jalan Arteri Pondok Indah No. 11, Kebayoran Lama, RT 4/RW 2, Kebayoran Lama Utara, Kecamatan Kebayoran Lama, Kota Jakarta Selatan, Daerah Khusus Ibukota Jakarta 12240",40
ALL,Kampus B,"Jalan H. Jampang No.91, Jatimulya, Kecamatan Tambun Selatan, Bekasi, Jawa Barat 17510",40
ALL,Kampus B,"Jalan Raya Jemursari Nomor 57, Jemur Wonosari, Kecamatan Wonocolo, Kota Surabaya, Jawa Timur 60237",41
ALL,Kampus A,"Jalan Smea Nomor 57, Wonokromo, Kecamatan Wonokromo, Kota Surabaya, Jawa Timur 60243",41
ALL,Graha STTII Surabaya,"Jl. Raya Panjang Jiwo Permai 1, Tenggilis Mojoyo, Surabaya",42
ALL,Kampus Utama,"Jalan Tanjung Pati KM. 7, Koto Tuo, Kecamatan Harau, Kabupaten Lima Puluh Kota, Sumatera Barat 26271",43
ALL,Kampus Utama,"Jalan Raya Setu No.89 Bekasi, 17520",44
ALL,Kampus Utama,"Jl. Buaran II No.30 A, Klender, Duren Sawit - Jakarta Timur",45
ALL,Kampus Utama,"Jl. Arief Rachman Hakim 51, Sukolilo, Surabaya 60117",46
Syariah,Kampus 1,"Jalan Pendidikan No.35, Dasan Agung Baru, Kec. Selaparang, Kota Mataram",47
Tarbiyah dan Keguruan,Kampus 1,"Jalan Pendidikan No.35, Dasan Agung Baru, Kec. Selaparang, Kota Mataram",47
Dakwah dan Ilmu Komunikasi,Kampus 1,"Jalan Pendidikan No.35, Dasan Agung Baru, Kec. Selaparang, Kota Mataram",47
Ekonomi dan Bisnis Islam,Kampus 1,"Jalan Pendidikan No.35, Dasan Agung Baru, Kec. Selaparang, Kota Mataram",47
Ushuluddin dan Studi Agama,Kampus 1,"Jalan Pendidikan No.35, Dasan Agung Baru, Kec. Selaparang, Kota Mataram",47
Pascasarjana,Kampus 2,"Jalan Gajah Mada No. 100, Pagesangan, Mataram, Jempong Baru, Kec. Sekarbela, Kota Mataram",47
ALL,Kampus Utama,"Jl. Menur Pumpungan 30, Surabaya 60118",48
ALL,Kampus Utama,"Jalan Dharmawangsa, Benoa, Kecamatan Kuta Selatan, Kabupaten Badung, Bali 80361",49
ALL,Kampus Utama,"Jalan Sumatera 118-120, Sumbersari, Jember, Jawa Timur",50
ALL,Kampus Utama,"Bumimoro, Morokrembangan, Surabaya 60187",51
ALL,Kampus Utama,"Jl. Kapasari No. 95, Surabaya 60141",52
ALL,Kampus Utama,"Jl. Sabar No 66, Petukangan Selatan, Pesanggrahan, Jakarta Selatan, 12270",53
ALL,Kampus Utama,"Jalan Sriwijaya Nomor 32, Karangrejo, Sumbersari, Jember, Jawa Timur, Indonesia",54
ALL,Kampus Utama,"Jl. Kanayakan No.21, Dago, Kecamatan Coblong, Kota Bandung, Jawa Barat 40135",55
ALL,Kampus Utama,"Jl. Curug Mekar No. 17, Yasmin, Kota Bogor, Jawa Barat, Indonesia 16113",56
Fakultas Ekonomi Digital,Institut Teknologi dan Bisnis Ahmad Dahlan,"Jln. Ir H. Juanda No.77, Cireundeu, Kec. Ciputat Tim., Kota Tangerang Selatan, Banten 15419",57
Fakultas Teknik dan Desain,Institut Teknologi dan Bisnis Ahmad Dahlan,"Jln. Ir H. Juanda No.77, Cireundeu, Kec. Ciputat Tim., Kota Tangerang Selatan, Banten 15419",57
ALL,Kampus Utama,"Jalan BRI Radio Dalam Nomor 17 RT 14 RW 3, Gandaria Utara, Kecamatan Kebayoran Baru, Kota Jakarta Selatan, Daerah Khusus Ibukota Jakarta 12140",58
ALL,Kampus Utama,"Jl. Raya Mangga Besar No. 137 - 139, Jakarta Pusat",59
ALL,Kampus 2,"Pombewe, Kecamatan Sigi Biromaru, Kabupaten Sigi, Sulawesi Tengah 94362",60
ALL,Kampus 1,"Jalan Diponegoro Nomor 23, Lere, Kecamatan Palu Barat, Kota Palu, Sulawesi Tengah 94221, Indonesia",60
ALL,Kampus Utama,"Jalan Ki Hajar Dewantara 15 A Iringmulyo, Kota Metro, Lampung",61
ALL,Kampus Utama,"Jalan Ngagel Jaya Tengah 73-77, Surabaya, Indonesia",62
ALL,Kampus I,"Jalan Balai Kota No. 1 Kota Pare-Pare, Sulawesi Selatan",63
ALL,Kampus II,"Jalan Pemuda No. 6, Kota Pare-Pare, Sulawesi Selatan",63
ALL,Kampus Utama,"Jalan Sungai Musi Km. 9, Kecamatan Tanete Riattang, Kabupaten Bone, Sulawesi Selatan",64
ALL,Kampus Utama,"Jalan Raya Nomor 1, Karang Serang, Kecamatan Sukadiri, Tangerang, Banten 15330",65
ALL,Kampus 1,"Graha Mahardhika, Jl. Wisata Menanggal 42A, Surabaya 60234, Jawa Timur",66
ALL,Kampus 2,"Graha Pena Lantai 2, Jl. A. Yani No. 88, Surabaya, Jawa Timur",66
ALL,Kampus Utama,"Jalan Raya Panglegur KM. 4 Pamekasan 69371
Jawa Timur, Indonesia",67
ALL,Kampus 1,"Jalan Kusuma Bangsa Nomor 9, Panjang Baru, Kecamatan Pekalongan Utara, Kota Pekalongan, Jawa Tengah 51141",68
ALL,Kampus 2,"Jalan Pahlawan KM.5, Rowolaku, Kajen, Pekalongan, Jawa Tengah",68
ALL,Kampus Utama,"Jl. Soegijo Pranoto TP 13, Madiun",69
ALL,Kampus Utama,"Jalan Terusan Candi Kalasan, Blimbing, Malang, Indonesia 65142",70
ALL,Kampus Utama,"Jl. Cimanuk No. 20, Wonokromo, Surabaya, Jawa Timur",71
ALL,Kampus Utama,"Jl. Trunojoyo No.16, Kepanjen, Malang",72
ALL,Kampus Utama,"Jl. Cut Mutia Raya No. 88A, Sepanjangjaya, Bekasi",73
ALL,Kampus Utama,Jl. Raya Pondok Gede No.23-25 Jakarta Timur 13550,74
ALL,Kampus Utama,"Jl. Rangga Gading No.01, Gudang, Kecamatan Bogor Tengah, Kota Bogor, Jawa Barat 16123",75
ALL,Kampus Utama,"Jalan Singosari Nomor 2A, Kota Semarang, Jawa Tengah 50242",76
ALL,Kampus A,"Jl. Raya Bogor Km.24 Cijantung, Jakarta Timur, 13770",77
ALL,Kampus B,"Jl. Bintara Raya, Bintara V, Bekasi, Jawa Barat, 17134",77
ALL,Kampus Utama,"Jl. IPN No.2, Cipinang Besar Selatan, Jakarta Timur",78
ALL,Kampus Utama,"Jl. Parahyangan Kav. 8 Blok B No. 1 Kota Baru Parahyangan, Padalarang, Bandung Barat, Jawa Barat",79
Teknik Penerbangan,Kampus Utama,"Jl. Raya PLP Curug, Serdang Wetan, Kec. Legok, Tangerang, Banten 15820",80
Manajemen Penerbangan,Kampus Utama,"Jl. Raya PLP Curug, Serdang Wetan, Kec. Legok, Tangerang, Banten 15820",80
Penerbang,Kampus Utama,"Jl. Raya PLP Curug, Serdang Wetan, Kec. Legok, Tangerang, Banten 15820",80
Keselamatan Penerbangan,Kampus Utama,"Jl. Raya PLP Curug, Serdang Wetan, Kec. Legok, Tangerang, Banten 15820",80
ALL,Kampus Utama,"Jl. Terusan Sekar Kemuning No. 199, Kel. Karyamulya, Kec. Kesambi, Kota Cirebon, 45135",81
ALL,Kampus Utama,"Jalan Karimata No. 49, Kecamatan Sumbersari, Jember, Jawa Timur",82
ALL,Kampus Utama,"Jl. Cikini Raya 73
Taman Ismail Marzuki (TIM)
Cikini – Menteng
DKI Jakarta
10330",83
ALL,Kampus Utama,Jl. Dr. Wahidin Sudiro Husodo No. 5-25 Yogyakarta 55224,84
ALL,Kampus Benowo (UWP),"Jl. Raya Benowo 1-3, Surabaya",85
ALL,Kampus Wiyung,"Jl. Menganti Kramat 133, Wiyung, Surabaya",85
ALL,Kampus Utama,"IKIP Gunung Anyar Blok E No.152-154 & 197-198, Gn. Anyar, Kec. Gn. Anyar, Kota Surabaya, Jawa Timur 60295",86
ALL,Kampus Utama,"Jl. Majasem no. B2, Kota Cirebon",87
ALL,Kampus Utama,"Jl. Raya Bojongsari, Depok, Jawa Barat 16517",88
ALL,Kampus Utama,"Jalan Telaga Warna, Tlogomas
Malang, Jawa Timur, 65144",89
ALL,Kampus Cikarang,"Jl. Gaharu Blok F-3 Delta Silicon 2 Lippo Cikarang, Kelurahan Cibatu, Kecamatan Cikarang Selatan, Bekasi, Jawa Barat 17530",90
ALL,Kampus Sunter,"Komplek PT Astra International Tbk. Gedung B, Jl. Gaya Motor Raya No. 8, Sunter II, Jakarta 14330",90
ALL,Kampus Utama,"Jl. Perunggu No. 53-54,
Harapan Mulya, Kemayoran
Jakarta Pusat 10640",91
ALL,Kampus Utama,"Jalan R.A.A. Wiranatakusumah 7 Baleendah, Kabupaten Bandung 40258",92
ALL,Kampus Utama,"Jl. Mertojoyo Blok L, Merjosari, Kec. Lowokwaru, Kota Malang, Jawa Timur 65144",93
ALL,Kampus Utama,"Jalan Parit H. Mukhsin II, Sungai Raya, Kabupaten Kubu Raya, Kalimantan Barat 78121",94
ALL,Kampus 2,"Tabek, Kecamatan Pariangan, Kabupaten Tanah Datar, Sumatera Barat 27264",95
ALL,Kampus Utama,"Jalan Jenderal Sudirman No. 137, Limo Kaum, Kecamatan Lima Kaum, Kabupaten Tanah Datar, Sumatera Barat 27217, Indonesia",95
Ma'had Aly Riyadhul Jannah,STAI Ma'had Aly Riyadhul Jannah,"Jln. Garuda No. 32 Batujaya, Batuceper, Kota Tangerang",96
ALL,Kampus Utama,"Komplek Indonesia Peace and Security Center (IPSC), Sentul, Bogor, Jawa Barat",97
ALL,Kampus Utama,"Jalan Taman Pendidikan, Moodu, Kota Timur, Kota Gorontalo",98
ALL,Kampus Utama,"Jl.Bintaro Raya No.10, Tanah Kusir, Kebayoran Lama Utara, Jakarta Selatan",99
Fakultas Seni Pertunjukan,Kampus Utama,"Jalan Kampwolker Perumnas 3 Waena, Kota Jayapura, Papua",100
Fakultas Seni Rupa dan Desain,Kampus Utama,"Jalan Kampwolker Perumnas 3 Waena, Kota Jayapura, Papua",100
"Fakultas Ushuluddin, Adab, dan Humaniora",Kampus Utama,"Jl. Mataram No. 1 Mangli, Jember 68136, Jawa Timur",101
Fakultas Dakwah,Kampus Utama,"Jl. Mataram No. 1 Mangli, Jember 68136, Jawa Timur",101
Fakultas Syariah,Kampus Utama,"Jl. Mataram No. 1 Mangli, Jember 68136, Jawa Timur",101
Fakultas Tarbiyah dan Ilmu Keguruan,Kampus Utama,"Jl. Mataram No. 1 Mangli, Jember 68136, Jawa Timur",101
Fakultas Ekonomi dan Bisnis Islam,Kampus Utama,"Jl. Mataram No. 1 Mangli, Jember 68136, Jawa Timur",101
ALL,Kampus Utama,"Jl. Batan I No. 2 Lebak Bulus, Cilandak, Jakarta Selatan",102
ALL,Kampus Diponegoro,"Jl. Diponegoro No. 74
Jakarta Pusat 10430",103
Ekonomi dan Bisnis,Universtias Yatsi Madani,"Jln. Aria Santika, No. 40A, Kel. Margasari, Kec. Karawaci, Kota Tangerang - Banten 15113",104
Kesehatan,Universtias Yatsi Madani,"Jln. Aria Santika, No. 40A, Kel. Margasari, Kec. Karawaci, Kota Tangerang - Banten 15113",104
Sains dan Teknologi,Universtias Yatsi Madani,"Jln. Aria Santika, No. 40A, Kel. Margasari, Kec. Karawaci, Kota Tangerang - Banten 15113",104
ALL,Kampus Utama,"Jalan Kantil Bulusulur Wonogiri, Kecamatan Wonogiri, Kabupaten Wonogiri, Jawa Tengah 57615",105
ALL,Kampus Cibinong,"Jl. Raya Mayor Oking Jaya Atmaja No.9 Cirimekar Cibinong, Bogor 16917
(RS. Sentra Medika Cibinong)",106
ALL,Kampus Cikarang,"Jl. Raya Industri Pasir Gombong, Jababeka, Cikarang – Bekasi 17530",106
ALL,Kampus 2,"Jalan Gunung Anyar Boulevard Nomor 1 Surabaya, Jawa Timur 60155",107
ALL,Kampus 1,"Jalan Raya Hang Tuah Nomor 5, Surabaya 60155",107
ALL,Kampus Utama,"Jalan Cengger Ayam Nomor 24, Tulusrejo, Kecamatan Lowokwaru, Kota Malang, Jawa Timur 65141",108
ALL,Kampus Wiyung,"Jl. Raya Menganti Keramat 133, Wiyung, Surabaya",109
ALL,Kampus Benowo,"Jalan Raya Benowo 1-3, Pakal, Surabaya",109
ALL,Kampus Utama,"Jalan Tampung Penyang RTA Milono Km. 6, Palangka Raya, Kalimantan Tengah 73112",110
ALL,Kampus Utama,"Jalan Ahmad Yani Nomor 114,
Ketintang, Kecamatan Gayungan, Kota Surabaya, Jawa Timur 60231",111
ALL,Kampus III,"Jalan Taman Borobudur Indah Nomor 1, Mojolangu, Kecamatan Lowokwaru, Kota Malang, Jawa Timur 65142",112
ALL,Kampus II,Jalan Borobudur Nomor 35 Malang,112
ALL,Kampus Utama,"Jalan G. Obos X Palangka Raya
Kalimantan Tengah, 73112",113
Fakultas Psikologi dan Ilmu Sosial Budaya,Kampus Utama,"Jln. Kaliurang Km. 14.5, Sleman, Yogyakarta, 55584",114
Fakultas Teknik Sipil dan Perencanaan,Kampus Utama,"Jln. Kaliurang Km. 14.5, Sleman, Yogyakarta, 55584",114
Fakultas Kedokteran,Kampus Utama,"Jln. Kaliurang Km. 14.5, Sleman, Yogyakarta, 55584",114
Fakultas Ilmu Agama Islam,Kampus Utama,"Jln. Kaliurang Km. 14.5, Sleman, Yogyakarta, 55584",114
Fakultas Matematika dan Ilmu Pengetahuan Alam,Kampus Utama,"Jln. Kaliurang Km. 14.5, Sleman, Yogyakarta, 55584",114
Fakultas Hukum,Kampus Utama,"Jln. Kaliurang Km. 14.5, Sleman, Yogyakarta, 55584",114
Fakultas Teknologi Industri,Kampus Utama,"Jln. Kaliurang Km. 14.5, Sleman, Yogyakarta, 55584",114
Fakultas Bisnis dan Ekonomika,Kampus Utama,"Jln. Kaliurang Km. 14.5, Sleman, Yogyakarta, 55584",114
ALL,Kampus Utama,"Jl. Brigjend Dharsono No.20, Kertawinangun, Kedawung, Kabupaten Cirebon, Jawa Barat 45153",115
ALL,Kampus Utama,"Jalan Edutown BSD City Serpong, Pagedangan, Kecamatan Pagedangan, Kabupaten Tangerang, Banten 15339",116
ALL,Kampus Utama,"Jl. Simpang Candi Panggung No. 133, Malang, Jawa Timur",117
ALL,Kampus Ngagel,"Jalan Ngagel Dadi III-3B/37 Surabaya 60245 Jawa Timur, Indonesia",118
ALL,Kampus Menanggal,"Jalan Dukuh Menanggal XII, Surabaya 60234 Jawa Timur, Indonesia",118
ALL,Kampus Utama,Jl. Mayjen Haryono 193 Malang 65144,119
ALL,Kampus Utama,"Jalan Galala Atas, Halong, Kec. Baguala, Kota Ambon, Maluku",120
ALL,Kampus Utama,"Jl. Bukit Hermon No. 1, Tidar Atas, Malang, Jawa Timur 65151",121
ALL,Kampus Utama,"Jalan Perak Barat Nomor 173
Surabaya, Jawa Timur 60165",122
ALL,Kampus Vokasi,"Jalan Tipar Cakung Nomor 81A, RT 3 RW 7, Cakung Barat, Kecamatan Cakung, Kota Jakarta Timur, 13910",123
ALL,Kampus E,Jalan Cirendeu Raya Nomor 6 Tangerang Selatan,123
ALL,Kampus B,"Jalan Raya Industri Jababeka Nomor 69, Mekarmukti, Cikarang Utara, Kabupaten Bekasi 17530",123
ALL,Kampus Pusat,Jalan Pangkalan Asem Raya Nomor 55 Cempaka Putih Jakarta Pusat 10530,123
ALL,Kampus D,"Jalan Ir. H. Juanda Nomor 27 Kemiri Muka, Beji, Kota Depok",123
ALL,Kampus C,"Jalan TB Simatupang Nomor 005 RT 3 RW 11, Gedong, Kecamatan Pasar Rebo, Kota Jakarta Timur, 13760",123
ALL,Kampus F,Jalan K. H. Hasyim Ashari Nomor 338 Sudimara Pinang Tangerang Kota,123
ALL,Kampus Pascasarjana,Jalan Letjen Suprapto Nomor 504 Jakarta Pusat 10530,123
ALL,Kampus Utama,Jalan Serayu Nomor 79 Madiun 63133,124
ALL,Kampus Utama,"Jalan Ujang Dewa, Ujang Dewa, Nunukan Selatan, Kabupaten Nunukan, Kalimantan Utara 77482",125
Pascasarjana,Kampus Pascasarjana,"Jl. Kenyeri No. 57, Denpasar, Bali",126
Dharma Acarya,Kampus Utama,"Jl. Ratna No.51, Tonja, Kec. Denpasar Utara, Kota Denpasar, Bali 80237",126
Dharma Duta,Kampus Utama,"Jl. Ratna No.51, Tonja, Kec. Denpasar Utara, Kota Denpasar, Bali 80237",126
ALL,Kampus Bangli,"Jl. Nusantara Kubu, Kabupaten Bangli, Bali",126
Brahma Widya,Kampus Fakultas Brahma Widya,"Jl. Kenyerti Gang Sekar Kemudia No. 2, Denpasar, Bali",126
ALL,Kampus Utama,"Jalan Terusan Rajabasa 2
Malang 65146 East Java, Indonesia",127
Fakultas Ilmu Sosial dan Ilmu Politik,Universitas Pramita Indonesia,"Jl. Boulevard Taman Ubud, Lippo Karawaci",128
Fakultas Sains dan Teknologi,Universitas Pramita Indonesia,"Jl. Boulevard Taman Ubud, Lippo Karawaci",128
Fakultas Ekonomi dan Bisnis,Universitas Pramita Indonesia,"Jl. Boulevard Taman Ubud, Lippo Karawaci",128
ALL,Kampus Utama,"Jl. Manila no. 37, Sumberece, Kec. Pesantren, Kota Kediri, Jawa Timur 64133",129
ALL,Kampus Utama,"Jl. Raya Pasar Minggu, Kecamatan Pasar Minggu, Jakarta Selatan, Jakarta 12520",130
ALL,Kampus 1,"Jalan Pemuda Ujung No.17, Hutagalung Siwaluompu, Kec. Tarutung, Kabupaten Tapanuli Utara, Sumatera Utara 22411",131
ALL,Kampus 2,"Jalan Raya Tarutung Siborongborong, Km. 11 Silangkitang, Desa Sipahutar, Kec. Sipoholon, Kabupaten Tapanuli Utara, Sumatera Utara 22452",131
ALL,Kampus Utama,"Villa Puncak Tidar N-01, 65151, Malang, Jawa Timur, Indonesia",132
ALL,Kampus Utama,"Jalan Ngagel Jaya Selatan 169, Surabaya",133
ALL,Kampus 1,"Jalan Malino Km. 7 Romanglompoa, Kecamatan Bontomarannu. Sungguminasa, Kabupaten Gowa, Sulawesi Selatan, 92171.",134
ALL,Kampus 2,"Desa Mappesangka & Desa Turuadae, Kecamatan Ponre, Kabupaten Bone, Sulawesi Selatan, 92765.",134
ALL,Kampus Utama,"Jalan Marunda Makmur Cilincing, Jakarta Utara 14150, Indonesia",135
ALL,Kampus Utama,"Jalan Sriwijaya no. 1 Kedaung, Kab. Cirebon, Jawa Barat",136
ALL,Kampus Utama,"Jalan R.A. Kartini No. 66 Bekasi, Jawa Barat 17113",137
Fakultas Bisnis,Kampus L'Avenue,"L’Avenue Campus Jln. Raya Pasar Minggu, Kav. 16 Pancoran, Jakarta 12780",138
Fakultas Pendidikan,Kampus L'Avenue,"L’Avenue Campus Jln. Raya Pasar Minggu, Kav. 16 Pancoran, Jakarta 12780",138
Fakultas Teknik dan Teknologi,Kampus L'Avenue,"L’Avenue Campus Jln. Raya Pasar Minggu, Kav. 16 Pancoran, Jakarta 12780",138
ALL,Kampus Semanggi,"Jl. Jenderal Sudirman RT 02 RW 04 No. 51, Karet Semanggi, Jakarta 12930",139
ALL,Kampus BSD,"Jl. Raya Cisauk Lapan, Sampora, Kec. Cisauk, Kabupaten Tangerang, Banten 15345",139
ALL,Kampus Pluit,"Jl. Pluit Raya No.2, RT.21/RW.8, Penjaringan, Kec. Penjaringan, Kota Jkt Utara, Daerah Khusus Ibukota Jakarta 14440",139
ALL,Kampus Utama,Jalan Kamizaun Mopah Lama Merauke 99611,140
ALL,Kampus Utama,"Sumur Batu, Babakan Madang Bogor, Jawa Barat 16810",141
ALL,Kampus Cawang,"Jl. Mayjen Sutoyo No.2 Cawang, Jakarta Timur 13630",142
ALL,Kampus Diponegoro,"Jl.Diponegoro No. 84-86, Jakarta Pusat",142
ALL,Kampus Cikarang,"Jl. Cibarusah No. 168, Cikarang Square, Cikarang",143
ALL,Kampus Merdeka,Jl. Merdeka No. 168 Bogor,143
ALL,Kampus Rektorat,"Jl. Kramat No. 98, Jakarta Pusat",143
ALL,Kampus Depok,"Jl. Margonda Raya No. 8, Depok",143
ALL,Kampus Salemba,"Jl. Salemba Tengah No.22, Jakarta Pusat",143
ALL,Kampus Dewi Sartika B,"Jl. Dewi Sartika No. 289, Cawang, Jakarta Timur",143
ALL,Kampus Cengkareng,"Jl. Kamal Raya No. 18, Ring Road Barat, Jakarta Barat",143
ALL,Kampus Sukabumi,Jl. Cemerlang No.8 Sukabumi,143
ALL,Kampus Tegal,"Jl. Sipelem No. 22, Tegal Barat",143
ALL,Kampus Cilebut,"Jl. Cilebut Raya Pesona Intiland, Kodya, Bogor",143
ALL,Kampus Cikampek,"Jl. Ir. Juanda, No. 17, Cikampek",143
ALL,Kampus Slipi,"Jl. Kemanggisan Utama, Jakarta Barat",143
ALL,Kampus Cibitung,"Jl. KH. Akhmad No. 8, Raya Setu Cibitung Tambun",143
ALL,Kampus Tasikmalaya,"Jl. Tanuwijaya No. 4 Empang Sari, Tawang, Tasikmalaya",143
ALL,Kampus Jatiwaringin,"Jl. Unkris No. 2, Jatiwaringin, Jakarta Timur",143
ALL,Kampus Karawang,"Jl. Banten No.1 Karang Pawitan, Karawang",143
ALL,Kampus Purwokerto,"Jl. DR. Bunyamin No. 106, Purwokerto",143
ALL,Kampus Kalimalang,"Jl. SMA KAPIN No. 292 A, Kalimalang, Jakarta Timur",143
ALL,Kampus Ciputat,"Jl. Ir. H. Juanda No. 39, Ciputat",143
ALL,Kampus BSD,"BSD Sektor XIV Blok C1/1, Tangerang",143
ALL,Kampus Pontianak,"Jl. Abdul Rahman Saleh No.18, Pontianak",143
ALL,Kampus Kaliabang,"Jl. Raya Kaliabang No.8, Perwira, Bekasi Utara",143
ALL,Kampus Tangerang,"Jl. Gatot Subroto No.8, Cimone, Kota Tangerang",143
ALL,Kampus Pemuda,"Jl. Kayu Jati 5 No 2, Pemuda, Rawamangun",143
ALL,Kampus Yogyakarta,"Jl. Ringroad Barat Ambar Ketawang Gamping, Sleman",143
ALL,Kampus Fatmawati,Jl. RS. Fatmawati No. 24 Jakarta Selatan,143
ALL,Kampus Ciledug,"Jl. Ciledug Raya No. 108, Cipulir, Jakarta Selatan",143
ALL,Kampus Bekasi,"Jl. Cut Mutiah No 88, Bekasi",143
ALL,Kampus Solo,"Jl. Letjen Sutoyo No.43, Kota Surakarta",143
ALL,Kampus Utama,"Jl. Semolowaru No.84, Surabaya 60283, Jawa Timur, Indonesia",144
ALL,Kampus Utama,"Jl. Jeruk Purut No. 10 Cilandak Timur Pasar Minggu
Jakarta Selatan 12650",145
ALL,Kampus 1,"Jl. Salemba Raya No.41, RT.3/RW.5, Paseban, Kec. Senen, Jakarta Pusat",146
ALL,Kampus 2,"Jl. Salemba Tengah No. 30-32, Jakarta Pusat",146
ALL,Kampus Soepomo,"Gedung Universitas Sahid Jakarta, Jl. Prof. Dr. Supomo, SH No.84 Tebet, Jakarta Selatan 12870",147
ALL,Kampus Pascasarjana,"Sahid Sudirman Residence Lt. 5, Jl. Jendral Sudirman No. 86, Jakarta Pusat 10220",147
Kedokteran,Kampus 2,Jl. Bendungan Sutami 188A Malang,148
llmu Kesehatan,Kampus 2,Jl. Bendungan Sutami 188A Malang,148
ALL,Kampus 1,Jl. Bandung No. 1 Malang,148
ALL,Kampus 3,Jl. Raya Tlogomas No. 246 Malang 65144,148
ALL,Kampus Utama,Jalan Yulius Usman Nomor 62 Malang,149
ALL,Kampus Kolaka,Jalan Pemuda Nomor 339 Kelurahan Tahoa Kolaka Sulawesi Tenggara Indonesia,150
ALL,Kampus Buton Tengah,"Dusun Lakahoo Desa Wakambangura 2, Kecamatan Mawasangka, Kabupaten Buton Tengah, Sulawesi Tenggara 93762",150
ALL,Kampus Utama,"Central Park Mall 3rd Floor – Unit 112 Jl. Let. Jend. S. Parman Kav. 28 West Jakarta, 11470, Indonesia",151
ALL,Kampus Utama,"Jalan Sunan Ampel Nomor 7, Ngronggo, Kecamatan Kota, Kabupaten Kediri, Jawa Timur 64127",152
ALL,Kampus Tomohon,"Jl. Kampus, Matani Satu, Kec. Tomohon Tengah, Kota Tomohon, Sulawesi Utara",153
ALL,Kampus Tondano,"Jl. Kampus Unima, Kel. Tonsaru, Kec. Tondano Selatan, Kab. Minahasa",153
ALL,Kampus Utama,"Jalan S.Supriadi Nomor 48 Malang Jawa Timur, Indonesia",154
ALL,Kampus Utama,"Jalan Letjen Sutoyo Mojosongo, Surakarta, Jawa Tengah, 57127",155
ALL,Kampus Utama,"Jl. Raya Beji Karangsalam No.25, Kedungbanteng, Banyumas",156
Fakultas Sains dan Teknologi,Universitas Raharja,Jl. Jenderal Sudirman No. 40 Modern Cikokol Tangerang 15117,157
ALL,Kampus Wonorejo,"Jl. Wonorejo Utara 16 Rungkut, Surabaya",158
ALL,Kampus Nginden,"Jl. Nginden Semolo 34-36, Surabaya",158
ALL,Kampus Utama,"Jalan Semolowaru No. 45 Surabaya, Jawa Timur",159
ALL,Kampus Utama,Jalan Jambi 12-18 Surabaya 60241,160
ALL,Kampus Utama,"Jl. DR. Soebandi No.99, Cangkring, Patrang, Kec. Patrang, Kabupaten Jember, Jawa Timur 68111",161
ALL,Kampus I,"Jalan Adisucipto Penfui, Lasiana, Kec. Klp. Lima, Kota Kupang, Nusa Tenggara Timur",162
ALL,Kampus II,"Jl. Prof. Dr. Herman Johanes, Lasiana, Kec. Klp. Lima, Kota Kupang, Nusa Tenggara Timur",162
ALL,Kampus Utama,"Jl. Kebonsari Elveka V, Kebonsari, Kec. Jambangan, Kota Surabaya, Jawa Timur 60232",163
ALL,Kampus 2,"Jl. Raya Karanglo Km. 2, Malang",164
ALL,Kampus 1,"Jl. Bendungan Sigura-gura no. 2, Malang",164
ALL,Kampus A,"Jl. Cipinang Besar No.2, RT.1/RW.1, Cipinang Besar Sel., Jatinegara, Kota Jakarta Timur,13410.",165
ALL,Kampus B,Jl. Puri Kembangan No.2 Kedoya Kebon Jeruk Jakarta Barat.,165
Fakultas Ekonomi dan Bisnis,Kampus Roxy,"Pusat Niaga Roxy Mas Blok E2 No.38-39, Jl.K.H. Hasyim Ashari, Jakarta Pusat",166
Fakultas Teknologi Informasi,Kampus Roxy,"Pusat Niaga Roxy Mas Blok E2 No.38-39, Jl.K.H. Hasyim Ashari, Jakarta Pusat",166
Fakultas Ekonomi dan Bisnis,Kampus Salemba,"Sentra Salemba Mas Blok S-T, Jl. Salemba Raya No. 34-36",166
Fakultas Teknologi Informasi,Kampus Salemba,"Sentra Salemba Mas Blok S-T, Jl. Salemba Raya No. 34-36",166
Fakultas Ilmu Sosial dan Ilmu Politik,Kampus Pusat,"Jl. Ciledug Raya, Petukangan Utara, Jakarta Selatan, 12260",166
Fakultas Teknik,Kampus Pusat,"Jl. Ciledug Raya, Petukangan Utara, Jakarta Selatan, 12260",166
Fakultas Komunikasi dan Desain Kreatif,Kampus Pusat,"Jl. Ciledug Raya, Petukangan Utara, Jakarta Selatan, 12260",166
Fakultas Ekonomi dan Bisnis,Kampus Pusat,"Jl. Ciledug Raya, Petukangan Utara, Jakarta Selatan, 12260",166
Fakultas Teknologi Informasi,Kampus Pusat,"Jl. Ciledug Raya, Petukangan Utara, Jakarta Selatan, 12260",166
ALL,Kampus 2,"Jalan Poros Makale Makassar KM.11, RW.5, Buntu Tangti, Kec. Mengkendek, Kabupaten Tana Toraja, Sulawesi Selatan 91871",167
ALL,Kampus 1,"Taparan Utara, Kec. Rantetayo, Kabupaten Tana Toraja, Sulawesi Selatan 91862",167
ALL,Kampus A,"Jl. Hang Jebat III/F3 Kebayoran Baru, Jakarta Selatan 12120",168
ALL,Kampus B,"Jl. Raya Ragunan No. 29C Pasar Minggu,
Jakarta Selatan",168
ALL,Kampus C,"Jl. Percetakan
Negara No. 23A, Jakarta Pusat.",168
