prodi_code,prodi_name,jenjang,akreditasi_prodi,institution_code
1,AKUPUNKTUR,D3,BAIK,1
2,ANALIS FARMASI DAN MAKANAN,D3,BAIK,2
3,FARMASI,D3,BAIK,2
4,ANALIS KESEHATAN,D3,BAIK SEKALI,3
5,TEKNOLOGI LABORATORIUM MEDIS,D3,-,4
6,FARMASI,D3,BAIK SEKALI,5
7,FARMASI,D3,BAIK SEKALI,6
8,FARMASI,D3,BAIK,7
9,GIZI,D3,BAIK SEKALI,8
10,KEBIDANAN,D3,BAIK SEKALI,9
11,KEBIDANAN,D3,BAIK,10
12,KEBIDANAN,D3,-,11
13,KEBIDANAN,D3,B,12
14,KEBIDANAN,D3,-,13
15,KEBIDANAN,D3,BAIK SEKALI,14
16,KEBIDANAN,D3,BAIK,15
17,KEBIDANAN,D3,BAIK SEKALI,16
18,KEBIDANAN,D3,-,17
19,KEBIDANAN,D3,B,18
20,KETATALAKSANAAN PELAYARAN NIAGA DAN KEPEL,D3,B,19
21,MANAJEMEN LOGISTIK,D3,BAIK,19
22,NAUTIKA,D3,-,19
23,KEPERAWATAN,D3,BAIK,20
24,KEPERAWATAN,D3,B,21
25,KEPERAWATAN,D3,BAIK,22
26,KEPERAWATAN,D3,B,23
27,FARMASI,D3,C,24
28,FISIOTERAPI,D3,-,24
29,KEBIDANAN,D3,BAIK,25
30,KEPERAWATAN,D3,BAIK SEKALI,25
31,FARMASI,D3,BAIK,26
32,ADMINISTRASI JARINGAN KOMPUTER,D2,BAIK,27
33,PRODUKSI TEKSTIL,D2,BAIK,27
34,KESEHATAN KULIT DAN RAMBUT,D1,BAIK,27
35,BUDI DAYA TANAMAN KOPI,D2,-,28
36,PEMASARAN KOMODITAS KOPI,D2,-,28
37,BUDI DAYA TANAMAN KOPI,D2,-,29
38,KOMPUTER AKUTANSI,D2,BAIK,30
39,PERIKANAN TANGKAP,D1,-,31
40,OTOMASI PERKANTORAN,D2,BAIK,32
41,TEKNIK OPERASIONAL MESIN DAN PERALATAN INDUSTRI,D2,BAIK,32
42,TEKNIK PERAWATAN MESIN DAN PERALATAN INDUSTRI,D2,BAIK,32
43,ADMINISTRASI PERKANTORAN,D2,TIDAK TERAKREDITASI,33
44,SENI KULINER,D3,BAIK,34
45,SENI KULINER,D3,BAIK,35
46,MANAJEMEN INFORMATIKA,D3,BAIK,36
47,SISTEM INFORMASI,D3,BAIK,37
48,SISTEM INFORMASI AKUNTANSI,D3,BAIK,37
49,TEKNOLOGI INFORMASI,D3,BAIK,37
50,MANAJEMEN KEUANGAN,D3,BAIK,38
51,KEUANGAN DAN PERBANKAN,D3,-,39
52,MANAJEMEN PERPAJAKAN,D3,-,39
53,PERHOTELAN,D3,-,40
54,USAHA PERJALANAN WISATA,D3,-,40
55,PERHOTELAN,D3,BAIK,41
56,USAHA PERJALANAN WISATA,D3,BAIK,41
57,PERHOTELAN,D3,B,42
58,USAHA PERJALANAN WISATA,D3,BAIK,42
59,REFRAKSI OPTISI,D3,C,43
60,SENI KULINER,D3,BAIK,44
61,ADMINISTRASI PERKANTORAN,D3,B,45
62,SEKRETARI,D3,BAIK,45
63,TEKNIK ALAT BERAT,D3,BAIK,46
64,KEBIDANAN,D3,BAIK,47
65,PENDIDIKAN BAHASA DAN SASTRA INDONESIA,S1,B,48
66,PENDIDIKAN BAHASA INGGRIS,S1,B,48
67,PENDIDIKAN EKONOMI,S1,B,48
68,PENDIDIKAN MATEMATIKA,S1,B,48
69,PENDIDIKAN PANCASILA DAN KEWARGANEGARAAN,S1,B,48
70,PENDIDIKAN TEKNOLOGI INFORMASI,S1,BAIK,48
71,PENDIDIKAN BAHASA DAN SASTRA INDONESIA,S1,BAIK SEKALI,49
72,PENDIDIKAN BAHASA INGGRIS,S1,BAIK SEKALI,49
73,PENDIDIKAN EKONOMI,S1,B,49
74,PENDIDIKAN MATEMATIKA,S1,BAIK SEKALI,49
75,PENDIDIKAN PANCASILA DAN KEWARGANEGARAAN,S1,BAIK SEKALI,49
76,ADMINISTRASI RUMAH SAKIT,S1,BAIK,50
77,BIOLOGI,S1,B,50
78,FARMASI,S1,BAIK SEKALI,50
79,GIZI,S1,BAIK SEKALI,50
80,KEBIDANAN,S1,BAIK,50
81,KEPERAWATAN,S1,BAIK SEKALI,50
82,KESEHATAN MASYARAKAT,S1,BAIK SEKALI,50
83,KIMIA,S1,B,50
84,PENDIDIKAN DOKTER GIGI,S1,BAIK SEKALI,50
85,PSIKOLOGI,S1,BAIK,50
86,ADMINISTRASI KESEHATAN,S1,BAIK,51
87,GIZI,S1,BAIK,51
88,ILMU KEPERAWATAN,S1,BAIK SEKALI,51
89,KEBIDANAN,S1,BAIK SEKALI,51
90,PENDIDIKAN PROFESI BIDAN,PROFESI,BAIK SEKALI,51
91,PENDIDIKAN PROFESI NERS,PROFESI,BAIK SEKALI,51
92,KEBIDANAN,D3,-,51
93,DESAIN KOMUNIKASI VISUAL,S1,B,52
94,SISTEM INFORMASI,S1,BAIK SEKALI,52
95,TEKNIK INFORMATIKA,S1,BAIK SEKALI,52
96,DESAIN PRODUK,S1,-,52
97,TEKNIK KOMPUTER,S1,BAIK,52
98,MANAJEMEN INFORMATIKA,D3,BAIK,52
99,AKUNTANSI,S1,B,53
100,ILMU GIZI,S1,BAIK SEKALI,53
101,ILMU KEPERAWATAN,S1,BAIK,53
102,MANAJEMEN,S1,B,53
103,PENDIDIKAN PROFESI NERS,PROFESI,BAIK,53
104,KEBIDANAN,D3,BAIK,53
105,AGRIBISNIS,S1,BAIK,54
106,KEHUTANAN,S1,BAIK,54
107,TEKNOLOGI INDUSTRI PERTANIAN,S1,BAIK,54
108,STATISTIKA,S1,-,55
109,TEKNIK INDUSTRI,S1,-,55
110,TEKNIK INFORMATIKA,S1,-,55
111,TEKNIK KIMIA,S1,-,55
112,TEKNIK KOMPUTER,D3,-,55
113,TEKNOLOGI INFORMASI,S2,BAIK SEKALI,56
114,DESAIN KOMUNIKASI VISUAL,S1,B,56
115,DESAIN PRODUK,S1,BAIK,56
116,INFORMATIKA,S1,B,56
117,SISTEM INFORMASI,S1,BAIK SEKALI,56
118,TEKNIK ELEKTRO,S1,B,56
119,TEKNIK INDUSTRI,S1,B,56
120,SISTEM INFORMASI,D3,BAIK SEKALI,56
121,BISNIS DIGITAL,S1,BAIK,57
122,ILMU KEPERAWATAN,S1,B,57
123,REKAYASA PERANGKAT LUNAK,S1,BAIK,57
124,PROFESI NERS,PROFESI,B,57
125,KEBIDANAN,D3,BAIK SEKALI,57
126,TEKNIK INDUSTRI,S2,BAIK SEKALI,58
127,TEKNIK LINGKUNGAN,S2,BAIK SEKALI,58
128,ARSITEKTUR,S1,B,58
129,DESAIN PRODUK,S1,B,58
130,SISTEM INFORMASI,S1,B,58
131,SISTEM KOMPUTER,S1,-,58
132,TEKNIK ELEKTRO,S1,B,58
133,TEKNIK GEOLOGI,S1,B,58
134,TEKNIK INDUSTRI,S1,BAIK SEKALI,58
135,TEKNIK INFORMATIKA,S1,B,58
136,INFORMATIKA,S1,BAIK,59
137,SISTEM INFORMASI,S1,BAIK,59
138,TEKNIK SIPIL,S1,BAIK,59
139,KEWIRAUSAHAAN,S1,-,59
140,REKAYASA PERANGKAT LUNAK,S1,-,59
141,SISTEM DAN TEKNOLOGI INFORMASI,S1,-,59
142,BIO-KEWIRAUSAHAAN,S1,BAIK,60
143,BIOTEKNOLOGI,S1,BAIK,60
144,BISNIS DIGITAL,S1,BAIK,60
145,GIZI,S1,-,60
146,MANAJEMEN,S2,BAIK SEKALI,61
147,AKUNTANSI,S1,BAIK SEKALI,61
148,ARSITEKTUR,S1,BAIK,61
149,BISNIS DIGITAL,S1,BAIK,61
150,MANAJEMEN,S1,BAIK SEKALI,61
151,TEKNIK SIPIL,S1,BAIK,61
152,TEKNOLOGI INFORMASI,S1,BAIK,61
153,PERPAJAKAN,D3,BAIK,61
154,MANAJEMEN,S2,BAIK SEKALI,62
155,AKUNTANSI,S1,B,62
156,DESAIN KOMUNIKASI VISUAL,S1,B,62
157,MANAJEMEN,S1,B,62
158,SISTEM KOMPUTER,S1,B,62
159,TEKNIK INFORMATIKA,S1,BAIK SEKALI,62
160,BISNIS DIGITAL,S1,-,63
161,AGRIBISNIS,S1,BAIK,64
162,BISNIS DIGITAL,S1,BAIK,65
163,ILMU KOMPUTER,S1,BAIK,65
164,MANAJEMEN RITEL,S1,BAIK,65
165,BISNIS DIGITAL,S1,BAIK,66
166,DESAIN KOMUNIKASI VISUAL,S1,BAIK,66
167,KEWIRAUSAHAAN,S1,BAIK,66
168,MANAJEMEN RITEL,S1,BAIK,66
169,SISTEM INFORMASI,S1,BAIK,66
170,MANAJEMEN,S2,-,67
171,AKUNTANSI,S1,B,67
172,INFORMATIKA,S1,BAIK,67
173,MANAJEMEN,S1,B,67
174,AKUNTANSI,S1,B,68
175,HUKUM BISNIS,S1,BAIK,68
176,MANAJEMEN,S1,B,68
177,SISTEM DAN TEKNOLOGI INFORMASI,S1,B,68
178,SISTEM INFORMASI,S1,BAIK,68
179,SISTEM INFORMASI,D3,-,68
180,MANAJEMEN,S2,BAIK SEKALI,69
181,AKUNTANSI,S1,BAIK SEKALI,69
182,EKONOMI PEMBANGUNAN,S1,BAIK SEKALI,69
183,MANAJEMEN,S1,BAIK SEKALI,69
184,REKAYASA PERANGKAT LUNAK,S1,BAIK,69
185,SISTEM DAN TEKNOLOGI INFORMASI,S1,BAIK,69
186,KEUANGAN DAN PERBANKAN,D3,BAIK,69
187,BISNIS DIGITAL,S1,-,70
188,INFORMATIKA,S1,BAIK,70
189,TEKNIK LOGISTIK,S1,BAIK,70
190,ILMU GIZI,S1,BAIK SEKALI,71
191,ILMU KEPERAWATAN,S1,BAIK SEKALI,71
192,KEBIDANAN,S1,-,71
193,PENDIDIKAN PROFESI BIDAN,PROFESI,-,71
194,PROFESI NERS,PROFESI,BAIK SEKALI,71
195,KEBIDANAN,D3,B,71
196,RADIODIAGNOSTIK DAN RADIOTERAPI,D3,BAIK SEKALI,71
197,REKAM MEDIK DAN INFORMASI KESEHATAN,D3,B,71
198,PENDIDIKAN TEKNOLOGI INFORMASI,S1,BAIK,72
199,SISTEM INFORMASI,S1,BAIK,72
200,TEKNIK INDUSTRI,S1,BAIK,72
201,TEKNIK ELEKTRO,S2,BAIK,73
202,TEKNIK INDUSTRI,S2,B,73
203,TEKNIK SIPIL,S2,BAIK SEKALI,73
204,ARSITEKTUR,S1,BAIK SEKALI,73
205,BISNIS DIGITAL,S1,BAIK,73
206,PERENCANAAN WILAYAH DAN KOTA,S1,A,73
207,TEKNIK ELEKTRO,S1,UNGGUL,73
208,TEKNIK GEODESI,S1,BAIK SEKALI,73
209,TEKNIK INDUSTRI,S1,B,73
210,TEKNIK INFORMATIKA,S1,B,73
211,TEKNIK ELEKTRO,S1,-,74
212,TEKNIK INDUSTRI,S1,-,74
213,TEKNIK KIMIA,S1,-,74
214,TEKNIK LINGKUNGAN,S1,-,74
215,TEKNIK MESIN,S1,-,74
216,TEKNIK SIPIL,S1,-,74
217,ADMINISTRASI RUMAH SAKIT,S1,BAIK,75
218,BISNIS DIGITAL,S1,BAIK SEKALI,75
219,ILMU KEPERAWATAN,S1,B,75
220,INFORMATIKA,S1,BAIK,75
221,PROFESI NERS,PROFESI,B,75
222,KEBIDANAN,D4,B,75
223,KEBIDANAN,D3,B,75
224,KEPERAWATAN,D3,BAIK SEKALI,75
225,TEKNOLOGI LABORATORIUM MEDIS,D3,BAIK SEKALI,75
226,TEKNIK KIMIA,S1,BAIK,76
227,FARMASI KLINIS DAN KOMUNITAS,S1,BAIK,76
228,FISIOTERAPI,S1,BAIK,76
229,INFORMATIKA,S1,BAIK SEKALI,76
230,KEBIDANAN,S1,BAIK,76
231,KEDOKTERAN GIGI,S1,BAIK,76
232,KEPERAWATAN,S1,BAIK,76
233,PENDIDIKAN PROFESI DOKTER GIGI,PROFESI,BAIK,76
234,PENDIDIKAN PROFESI FISIOTERAPIS,PROFESI,BAIK,76
235,PENDIDIKAN PROFESI NERS,PROFESI,BAIK,76
236,M.A. DIGITAL FUTURES,S2,-,77
237,M.SC. DIGITAL ECONOMIES,S2,-,77
238,AKUNTANSI BISNIS DIGITAL,D4,-,78
239,PENGELOLAAN PERHOTELAN,D4,-,78
240,TEKNOLOGI REKAYASA PERANGKAT LUNAK,D4,-,78
241,AKUNTANSI,D3,B,79
242,TEKNOLOGI KOMPUTER,D3,BAIK,80
243,TEKNOLOGI LISTRIK,D3,BAIK,80
244,TEKNOLOGI MESIN,D3,BAIK,80
245,FARMASI,D3,BAIK SEKALI,81
246,KEBIDANAN,D3,BAIK SEKALI,81
247,TEKNOLOGI LABORATORIUM MEDIS,D3,-,81
248,PENDIDIKAN PROFESI NERS,PROFESI,BAIK,82
249,KEPERAWATAN,D4,BAIK,82
250,KESELAMATAN DAN KESEHATAN KERJA,D4,-,82
251,PROMOSI KESEHATAN,D4,-,82
252,KEPERAWATAN,D3,BAIK SEKALI,82
253,ANALIS FARMASI DAN MAKANAN,D3,BAIK SEKALI,83
254,FARMASI,D3,BAIK SEKALI,83
255,GIZI,D3,-,83
256,FISIOTERAPI,D4,BAIK,84
257,MANAJEMEN INFORMASI KESEHATAN,D4,-,84
258,FARMASI,D3,-,84
259,KEBIDANAN,D3,BAIK,84
260,DESTINASI PARIWISATA,D4,TIDAK TERAKREDITASI,85
261,TEKNIK INFORMATIKA,D3,B,85
262,TEKNIK MEKATRONIKA,D3,B,85
263,TEKNIK TELEKOMUNIKASI,D3,B,85
264,TEKNIK KOMPUTER DAN JARINGAN,D1,-,85
265,AKUNTANSI,D3,BAIK,86
266,TEKNOLOGI KOMPUTER,D3,BAIK,86
267,TEKNOLOGI KOMPUTER,D3,BAIK,86
268,TEKNOLOGI MESIN,D3,BAIK,86
269,AKUNTANSI,D3,BAIK,87
270,KEBIDANAN,D3,BAIK,87
271,TEKNOLOGI INFORMASI,D3,BAIK,87
272,PENGELOLAAN AGRIBISNIS,D4,BAIK,88
273,AKUNTANSI,D3,BAIK,88
274,TEKNIK INFORMATIKA,D3,BAIK,88
275,TEKNIK TELEKOMUNIKASI,D3,-,88
276,MANAJEMEN PEMASARAN INTERNASIONAL,D4,BAIK,89
277,PENGELOLAAN PERHOTELAN,D4,BAIK,89
278,ADMINISTRASI BISNIS,D3,-,89
279,ADMINISTRASI NIAGA,D3,B,89
280,AKUNTANSI,D3,BAIK,89
281,PERHOTELAN,D3,B,89
282,TEKNIK KOMPUTER,D3,BAIK,89
283,AGRIBINIS,D3,BAIK,90
284,BUDI DAYA TANAMAN HORTIKULTURA,D3,BAIK,90
285,BUDIDAYA TERNAK,D3,BAIK,90
286,ADMINISTRASI NIAGA,D3,BAIK,91
287,TEKNIK ELEKTRONIKA,D3,TIDAK TERAKREDITASI,91
288,TEKNIK KOMPUTER,D3,-,91
289,TEKNIK MESIN,D3,-,91
290,ADMINISTRASI PERKANTORAN,D3,BAIK,92
291,AKUNTANSI,D3,BAIK,92
292,TEKNOLOGI INFORMASI,D3,BAIK,92
293,TEKNOLOGI MESIN,D3,BAIK,92
294,BISNIS JASA MAKANAN,D4,-,93
295,KOMPUTERISASI AKUNTANSI,D3,BAIK,93
296,MANAJEMEN INFORMATIKA,D3,TIDAK TERAKREDITASI,93
297,TEKNIK KOMPUTER,D3,-,93
298,AKUNTANSI,D3,A,94
299,BAHASA INGGRIS,D3,BAIK SEKALI,94
300,MANAJEMEN PEMASARAN,D3,B,94
301,PERPAJAKAN,D3,A,94
302,SEKRETARI,D3,B,94
303,TEKNOLOGI REKAYASA KOMPUTER JARINGAN,D4,BAIK,95
304,TEKNIK LISTRIK,D3,BAIK,95
305,TEKNIK MESIN,D3,BAIK,95
306,SASTRA INGGRIS,S1,-,96
307,SASTRA INGGRIS,S1,TIDAK TERAKREDITASI,97
308,TEOLOGI,S3,BAIK,98
309,FILSAFAT,S2,A,98
310,FILSAFAT KEILAHIAN,S1,A,98
311,ILMU ADMINISTRASI NEGARA,S1,B,99
312,ILMU ADMINISTRASI NIAGA,S1,BAIK,99
313,ILMU ADMINISTRASI,S2,BAIK,100
314,ADMINISTRASI BISNIS,S1,B,100
315,ADMINISTRASI PUBLIK,S1,BAIK SEKALI,100
316,PEREKAM DAN INFORMASI KESEHATAN,D3,BAIK SEKALI,100
317,ILMU ADMINISTRASI NEGARA,S1,B,101
318,ILMU ADMINISTRASI NIAGA,S1,B,101
319,SASTRA INGGRIS,S1,BAIK,102
320,BAHASA INGGRIS,D3,-,102
321,AKUNTANSI,S1,BAIK,103
322,MANAJEMEN,S1,BAIK,103
323,MANAJEMEN,S2,BAIK,104
324,AKUNTANSI,S1,-,104
325,MANAJEMEN,S1,-,104
326,KEUANGAN DAN PERBANKAN,D3,-,104
327,AKUNTANSI,S1,BAIK SEKALI,105
328,MANAJEMEN,S1,BAIK,105
329,AKUNTANSI,S1,BAIK,106
330,MANAJEMEN,S1,BAIK,106
331,MANAJEMEN,S1,BAIK,107
332,AKUNTANSI,S1,BAIK,108
333,MANAJEMEN,S1,B,108
334,MANAJEMEN,S2,BAIK,109
335,MANAJEMEN,S1,BAIK,109
336,MANAJEMEN,S2,BAIK,110
337,AKUNTANSI,S1,-,110
338,MANAJEMEN,S1,-,110
339,AKUNTANSI,S1,BAIK,111
340,MANAJEMEN,S1,BAIK,111
341,AKUNTANSI,S1,B,112
342,MANAJEMEN,S1,BAIK,112
343,MANAJEMEN PERKANTORAN,D3,BAIK,112
344,ILMU MANAJEMEN,S3,BAIK SEKALI,113
345,AKUNTANSI,S2,UNGGUL,113
346,MANAJEMEN,S2,UNGGUL,113
347,AKUNTANSI,S1,UNGGUL,113
348,MANAJEMEN,S1,UNGGUL,113
349,PROFESI AKUNTAN,PROFESI,B,113
350,AKUNTANSI,D3,UNGGUL,113
351,MANAJEMEN PERPAJAKAN,D3,UNGGUL,113
352,MANAJEMEN,S2,BAIK,114
353,AKUNTANSI,S1,BAIK,114
354,MANAJEMEN,S1,BAIK SEKALI,114
355,MANAJEMEN,S1,BAIK,115
356,AKUNTANSI,S1,BAIK,116
357,MANAJEMEN,S1,BAIK,116
358,MANAJEMEN,S1,BAIK,117
359,KEUANGAN DAN PERBANKAN,D3,BAIK,117
360,MANAJEMEN PERSONALIA,D3,-,117
361,MANAJEMEN PRODUKSI,D3,-,117
362,MANAJEMEN,S2,BAIK SEKALI,118
363,AKUNTANSI,S1,BAIK SEKALI,118
364,BISNIS DIGITAL,S1,-,118
365,KEWIRAUSAHAAN,S1,-,118
366,MANAJEMEN,S1,BAIK SEKALI,118
367,MANAJEMEN,S2,BAIK SEKALI,119
368,AKUNTANSI,S1,UNGGUL,119
369,MANAJEMEN,S1,UNGGUL,119
370,PROFESI AKUNTANSI,PROFESI,BAIK SEKALI,119
371,AKUNTANSI,S1,BAIK,120
372,MANAJEMEN,S1,BAIK,120
373,AKUNTANSI,S1,BAIK,121
374,MANAJEMEN,S1,BAIK,121
375,MANAJEMEN,S1,BAIK SEKALI,122
376,MANAJEMEN,S1,BAIK,122
377,AKUNTANSI,D3,BAIK,122
378,AKUNTANSI,S1,-,123
379,MANAJEMEN,S1,BAIK SEKALI,123
380,MANAJEMEN,S1,BAIK,124
381,AKUNTANSI,D3,BAIK,124
382,AKUNTANSI,S1,BAIK SEKALI,125
383,MANAJEMEN,S1,B,125
384,AKUNTANSI,S1,BAIK,126
385,MANAJEMEN,S1,BAIK,126
386,AKUNTANSI,S1,BAIK,127
387,MANAJEMEN,S1,BAIK,127
388,MANAJEMEN,S2,BAIK,128
389,AKUNTANSI,S1,BAIK,128
390,MANAJEMEN,S1,-,128
391,ILMU HUKUM,S1,BAIK,129
392,ILMU HUKUM,S1,BAIK,130
393,ILMU HUKUM,S1,BAIK,131
394,ILMU KEPERAWATAN,S1,BAIK,132
395,NERS,PROFESI,BAIK,132
396,KEBIDANAN,D3,BAIK,132
397,KEPERAWATAN,D3,-,132
398,ADMINISTRASI RUMAH SAKIT,S1,BAIK,133
399,KEBIDANAN,D3,BAIK SEKALI,133
400,GIZI,S1,-,134
401,KEPERAWATAN,S1,UNGGUL,134
402,PENDIDIKAN PROFESI NERS,PROFESI,UNGGUL,134
403,MANAJEMEN INFORMASI KESEHATAN,D4,-,134
404,KEPERAWATAN,D3,B,134
405,FARMASI,S1,C,135
406,FARMASI,D3,BAIK,135
407,GIZI,S1,-,136
408,ILMU KEPERAWATAN,S1,BAIK SEKALI,136
409,KEBIDANAN,S1,BAIK,136
410,NERS,PROFESI,BAIK SEKALI,136
411,PENDIDIKAN PROFESI BIDAN,PROFESI,BAIK,136
412,KEBIDANAN,D3,BAIK SEKALI,136
413,ILMU KEPERAWATAN,S1,BAIK SEKALI,137
414,KEBIDANAN,S1,BAIK,137
415,PENDIDIKAN PROFESI BIDAN,PROFESI,-,137
416,PROFESI NERS,PROFESI,BAIK SEKALI,137
417,KEBIDANAN,D3,BAIK,137
418,KEPERAWATAN,D3,-,137
419,KEPERAWATAN,S1,BAIK SEKALI,138
420,PENDIDIKAN PROFESI NERS,PROFESI,BAIK SEKALI,138
421,KEBIDANAN,D3,B,138
422,TEKNOLOGI LABORATORIUM MEDIS,D3,B,138
423,KESEHATAN MASYARAKAT,S2,BAIK SEKALI,139
424,ILMU KEPERAWATAN,S1,BAIK SEKALI,139
425,KEBIDANAN,S1,BAIK,139
426,KESEHATAN MASYARAKAT,S1,BAIK SEKALI,139
427,NERS,PROFESI,BAIK SEKALI,139
428,PENDIDIKAN PROFESI BIDAN,PROFESI,BAIK,139
429,KEPERAWATAN,D3,-,139
430,ADMINISTRASI KESEHATAN,S2,BAIK,140
431,ADMINISTRASI KESEHATAN,S1,BAIK SEKALI,140
432,FARMASI KLINIK DAN KOMUNITAS,S1,-,140
433,ILMU KEPERAWATAN,S1,B,140
434,PENDIDIKAN PROFESI BIDAN,PROFESI,BAIK SEKALI,140
435,PROFESI NERS,PROFESI,B,140
436,KEBIDANAN,D4,BAIK SEKALI,140
437,ANALIS KESEHATAN,D3,BAIK SEKALI,140
438,FISIOTERAPI,D3,C,140
439,PEREKAM DAN INFORMASI KESEHATAN,D3,B,140
440,ADMINISTRASI KESEHATAN,S1,BAIK,141
441,KEBIDANAN,S1,BAIK SEKALI,141
442,KEPERAWATAN,S1,B,141
443,KESELAMATAN DAN KESEHATAN KERJA,S1,BAIK,141
444,PENDIDIKAN PROFESI NERS,PROFESI,B,141
445,PROFESI BIDAN,PROFESI,BAIK SEKALI,141
446,KEBIDANAN,D3,B,141
447,KEPERAWATAN,D3,BAIK SEKALI,141
448,FARMASI,S1,BAIK,142
449,KEBIDANAN,S1,BAIK,142
450,KEPERAWATAN,S1,BAIK,142
451,PENDIDIKAN PROFESI BIDAN,PROFESI,BAIK,142
452,PENDIDIKAN PROFESI NERS,PROFESI,BAIK,142
453,KEPERAWATAN,D3,BAIK SEKALI,142
454,TEKNOLOGI BANK DARAH,D3,BAIK,142
455,FISIOTERAPI,S1,BAIK,143
456,KEBIDANAN,S1,BAIK,143
457,PENDIDIKAN PROFESI BIDAN,PROFESI,-,143
458,KEBIDANAN,D3,BAIK SEKALI,143
459,KEPERAWATAN,D3,BAIK SEKALI,143
460,ADMINISTRASI KESEHATAN,S1,BAIK,144
461,KEBIDANAN,D3,BAIK SEKALI,144
462,KEPERAWATAN,S1,BAIK SEKALI,145
463,PROFESI NERS,PROFESI,BAIK SEKALI,145
464,KEBIDANAN,D3,BAIK SEKALI,145
465,KEPERAWATAN,D3,BAIK SEKALI,145
466,TEKNIK INFORMATIKA,S1,BAIK SEKALI,146
467,MANAJEMEN INFORMATIKA,D3,BAIK,146
468,ILMU KOMUNIKASI,S1,B,147
469,BUDIDAYA PERAIRAN,S1,B,148
470,AGROTEKNOLOGI,S1,BAIK,149
471,DESAIN KOMUNIKASI VISUAL,S1,BAIK SEKALI,150
472,INFORMATIKA,S1,B,150
473,SISTEM INFORMASI,S1,B,150
474,SISTEM INFORMASI,D3,BAIK SEKALI,150
475,SENI KARAWITAN,S1,BAIK SEKALI,151
476,SENI RUPA MURNI,S1,BAIK SEKALI,151
477,SENI TARI,S1,BAIK,151
478,SENI TEATER,S1,BAIK,151
479,MANAJEMEN PARIWISATA,D4,BAIK,152
480,MANAJEMEN PERHOTELAN,D4,BAIK,152
481,BINA WISATA,D3,BAIK,152
482,PERHOTELAN,D3,BAIK,152
483,ADMINISTRASI PUBLIK,S2,BAIK,153
484,BISNIS DIGITAL,S1,BAIK,153
485,ILMU ADMINISTRASI NEGARA,S1,B,153
486,ARSITEKTUR,S1,BAIK,154
487,TEKNIK ELEKTRO,S1,BAIK,154
488,TEKNIK INDUSTRI,S1,C,154
489,TEKNIK SIPIL,S1,-,154
490,TEKNIK ELEKTRONIKA,D3,TIDAK TERAKREDITASI,154
491,TEKNIK SIPIL,D3,-,154
492,TEKNIK MESIN,S1,BAIK,155
493,TEKNIK SIPIL,S1,BAIK,155
494,TEKNIK INFORMATIKA,S1,BAIK,156
495,TEKNIK MESIN,S1,BAIK,157
496,MANAJEMEN INFORMATIKA,D3,BAIK,157
497,DESAIN KOMUNIKASI VISUAL,S1,-,158
498,INFORMATIKA,S1,BAIK,158
499,TEKNIK INDUSTRI,S1,BAIK,159
500,TEKNIK INFORMATIKA,S1,BAIK,159
501,ARSITEKTUR,S1,BAIK,160
502,TEKNIK INFORMATIKA,S1,BAIK,160
503,KOMPUTER MULTIMEDIA,D3,BAIK,160
504,ILMU ADMINISTRASI BISNIS,S1,B,161
505,EKONOMI ISLAM,S1,BAIK,162
506,EKONOMI PEMBANGUNAN,S1,BAIK,162
507,ADMINISTRASI RUMAH SAKIT,S1,BAIK,163
508,KEPERAWATAN,S1,BAIK,163
509,PENDIDIKAN PROFESI NERS,PROFESI,BAIK,163
510,KEPERAWATAN,D3,BAIK SEKALI,163
511,ADMINISTRASI RUMAH SAKIT,S1,BAIK,164
512,PEREKAM DAN INFORMASI KESEHATAN,D4,BAIK,164
513,FISIOTERAPI,D3,BAIK,164
514,ILMU KEPERAWATAN,S1,C,165
515,PROFESI NERS,PROFESI,C,165
516,KEBIDANAN,D3,BAIK SEKALI,165
517,GIZI,S1,BAIK,166
518,ILMU KEPERAWATAN,S1,BAIK SEKALI,166
519,KEBIDANAN,S1,BAIK,166
520,PENDIDIKAN PROFESI BIDAN,PROFESI,BAIK,166
521,PROFESI NERS,PROFESI,BAIK SEKALI,166
522,TEKNOLOGI LABORATORIUM MEDIS,D4,BAIK,166
523,FARMASI,D3,BAIK SEKALI,166
524,KEBIDANAN,D3,-,166
525,KEPERAWATAN,D3,BAIK SEKALI,166
526,ILMU KEPERAWATAN,S1,BAIK SEKALI,167
527,KEBIDANAN,D3,BAIK,167
528,FARMASI,S1,B,168
529,KEPERAWATAN,S1,BAIK SEKALI,168
530,KESEHATAN MASYARAKAT,S1,BAIK SEKALI,168
531,PROFESI NERS,PROFESI,BAIK SEKALI,168
532,FARMASI,D3,B,168
533,KEBIDANAN,D3,BAIK SEKALI,168
534,PEREKAM DAN INFORMASI KESEHATAN,D3,BAIK SEKALI,168
535,ILMU KEPERAWATAN,S1,BAIK,169
536,KESELAMATAN DAN KESEHATAN KERJA,S1,BAIK,169
537,PROFESI NERS,PROFESI,BAIK,169
538,KEBIDANAN,D3,BAIK SEKALI,169
539,ILMU KEPERAWATAN,S1,BAIK SEKALI,170
540,REKAM MEDIS DAN INFORMASI KESEHATAN,D3,-,170
541,ILMU KEPERAWATAN,S1,BAIK SEKALI,171
542,NERS,PROFESI,BAIK SEKALI,171
543,KEBIDANAN,D3,C,171
544,FARMASI,S1,BAIK,172
545,ILMU KEPERAWATAN,S1,BAIK SEKALI,172
546,PROFESI NERS,PROFESI,BAIK SEKALI,172
547,KEBIDANAN,D3,-,172
548,KEPERAWATAN,S1,BAIK SEKALI,173
549,PENDIDIKAN PROFESI NERS,PROFESI,BAIK SEKALI,173
550,TEKNOLOGI LABORATORIUM MEDIS,D4,BAIK,173
551,KEBIDANAN,D3,-,173
552,KEPERAWATAN,D3,-,173
553,TEKNOLOGI LABORATORIUM MEDIS,D3,BAIK SEKALI,173
554,ILMU KEPERAWATAN,S1,-,174
555,KEBIDANAN,D3,-,174
556,GIZI,S1,-,175
557,ILMU KEPERAWATAN,S1,B,175
558,KEBIDANAN,S1,BAIK,175
559,NERS,PROFESI,B,175
560,PENDIDIKAN PROFESI BIDAN,PROFESI,BAIK,175
561,KEBIDANAN,D3,B,175
562,KEPERAWATAN,D3,B,175
563,FARMASI,S1,BAIK SEKALI,176
564,ANALIS KESEHATAN,D3,BAIK SEKALI,176
565,TEKNOLOGI LABORATORIUM MEDIS,D3,-,176
566,ADMINISTRASI RUMAH SAKIT,S1,BAIK,177
567,ILMU KEPERAWATAN,S1,B,177
568,PROFESI NERS,PROFESI,B,177
569,FISIOTERAPI,D3,BAIK SEKALI,177
570,KEPERAWATAN,D3,B,177
571,ADMINISTRASI RUMAH SAKIT,S1,BAIK SEKALI,178
572,GIZI,S1,BAIK,178
573,PEREKAM DAN INFORMASI KESEHATAN,D3,BAIK SEKALI,178
574,ADMINISTRASI KESEHATAN,S1,BAIK,179
575,KEPERAWATAN,S1,BAIK,179
576,PENDIDIKAN PROFESI NERS,PROFESI,BAIK,179
577,KEBIDANAN,D3,BAIK SEKALI,179
578,KEPERAWATAN,D3,BAIK SEKALI,179
579,FARMASI,S1,BAIK,180
580,KEPERAWATAN,S1,BAIK,180
581,PENDIDIKAN PROFESI NERS,PROFESI,BAIK,180
582,MANAJEMEN INFORMASI KESEHATAN,D4,BAIK,180
583,KEPERAWATAN,D3,B,180
584,ILMU KEPERAWATAN,S1,BAIK SEKALI,181
585,KEBIDANAN,S1,BAIK,181
586,NERS,PROFESI,BAIK SEKALI,181
587,PENDIDIKAN PROFESI BIDAN,PROFESI,BAIK,181
588,KEBIDANAN,D3,-,181
589,ADMINISTRASI RUMAH SAKIT,S1,BAIK,182
590,KEPERAWATAN,S1,B,182
591,PENDIDIKAN PROFESI NERS,PROFESI,B,182
592,MANAJEMEN INFORMASI KESEHATAN,D4,-,182
593,KEPERAWATAN,D3,BAIK SEKALI,182
594,ILMU KEPERAWATAN,S1,BAIK SEKALI,183
595,PROFESI NERS,PROFESI,BAIK SEKALI,183
596,KEBIDANAN,D3,BAIK SEKALI,183
597,KEPERAWATAN,D3,BAIK SEKALI,183
598,ADMINISTRASI RUMAH SAKIT,S1,BAIK,184
599,ILMU KEPERAWATAN,S1,BAIK SEKALI,184
600,KEBIDANAN,S1,-,184
601,KESEHATAN LINGKUNGAN,S1,BAIK SEKALI,184
602,PENDIDIKAN PROFESI BIDAN,PROFESI,-,184
603,PROFESI NERS,PROFESI,BAIK SEKALI,184
604,KEBIDANAN,D3,BAIK SEKALI,184
605,ADMINISTRASI RUMAH SAKIT,S1,BAIK SEKALI,185
606,REKAM MEDIK DAN INFORMASI KESEHATAN,D3,B,185
607,PENDIDIKAN BAHASA INDONESIA,S1,B,186
608,PENDIDIKAN BAHASA INGGRIS,S1,B,186
609,PENDIDIKAN FISIKA,S1,BAIK,186
610,PENDIDIKAN GURU SEKOLAH DASAR,S1,BAIK,186
611,PENDIDIKAN MATEMATIKA,S1,BAIK SEKALI,186
612,PENDIDIKAN BAHASA DAN SASTRA INDONESIA,S1,B,187
613,PENDIDIKAN BAHASA INGGRIS,S1,BAIK SEKALI,187
614,PENDIDIKAN GURU PENDIDIKAN ANAK USIA DINI,S1,B,187
615,PENDIDIKAN GURU SEKOLAH DASAR,S1,B,187
616,PENDIDIKAN MATEMATIKA,S1,BAIK SEKALI,187
617,PENDIDIKAN GURU PENDIDIKAN ANAK USIA DINI,S1,BAIK,188
618,PENDIDIKAN GURU SEKOLAH DASAR,S1,BAIK,188
619,PENDIDIKAN IPA,S1,BAIK,188
620,PENDIDIKAN JASMANI KESEHATAN DAN REKREASI,S1,BAIK SEKALI,188
621,PENDIDIKAN MATEMATIKA,S1,BAIK,188
622,PENDIDIKAN BAHASA DAN SASTRA INDONESIA,S1,BAIK,189
623,PENDIDIKAN BAHASA DAN SASTRA INDONESIA,S1,B,190
624,PENDIDIKAN BAHASA INGGRIS,S1,BAIK SEKALI,190
625,PENDIDIKAN BAHASA INGGRIS,S1,B,190
626,PENDIDIKAN EKONOMI,S1,BAIK SEKALI,190
627,PENDIDIKAN GURU SEKOLAH DASAR,S1,BAIK SEKALI,190
628,PENDIDIKAN MATEMATIKA,S1,B,190
629,PENDIDIKAN OLAH RAGA,S1,BAIK SEKALI,190
630,PENDIDIKAN PANCASILA DAN KEWARGANEGARAAN,S1,BAIK SEKALI,190
631,PENDIDIKAN EKONOMI,S1,BAIK SEKALI,191
632,PENDIDIKAN MATEMATIKA,S1,BAIK SEKALI,191
633,PENDIDIKAN BAHASA INGGRIS,S1,BAIK SEKALI,192
634,PENDIDIKAN EKONOMI,S1,BAIK SEKALI,192
635,PENDIDIKAN ILMU PENGETAHUAN ALAM,S1,BAIK SEKALI,192
636,PENDIDIKAN MATEMATIKA,S1,BAIK SEKALI,192
637,PENDIDIKAN PANCASILA DAN KEWARGANEGARAAN,S1,B,192
638,PENDIDIKAN BAHASA DAN SASTRA INDONESIA,S1,B,193
639,PENDIDIKAN BAHASA INGGRIS,S1,B,193
640,PENDIDIKAN GURU SEKOLAH DASAR,S1,BAIK SEKALI,193
641,PENDIDIKAN INFORMATIKA,S1,BAIK SEKALI,193
642,PENDIDIKAN JASMANI KESEHATAN DAN REKREASI,S1,BAIK SEKALI,193
643,PENDIDIKAN MATEMATIKA,S1,B,193
644,PENDIDIKAN SEJARAH,S1,B,193
645,PENDIDIKAN PROFESI GURU,PROFESI,-,193
646,PENDIDIKAN BAHASA DAN SASTRA INDONESIA,S1,BAIK SEKALI,194
647,PENDIDIKAN BAHASA INGGRIS,S1,BAIK,194
648,PENDIDIKAN BAHASA JAWA,S1,BAIK SEKALI,194
649,PENDIDIKAN GURU PENDIDIKAN ANAK USIA DINI,S1,BAIK,194
650,PENDIDIKAN BAHASA DAN SASTRA INDONESIA,S1,BAIK,195
651,PENDIDIKAN PANCASILA DAN KEWARGANEGARAAN,S1,BAIK,195
652,PENDIDIKAN EKONOMI,S1,BAIK SEKALI,196
653,PENDIDIKAN MATEMATIKA,S1,BAIK SEKALI,196
654,PENDIDIKAN TEKNOLOGI INFORMASI,S1,BAIK SEKALI,196
655,BIMBINGAN DAN KONSELING,S1,BAIK SEKALI,197
656,PENDIDIKAN BAHASA DAN SASTRA INDONESIA,S1,B,197
657,PENDIDIKAN GURU SEKOLAH DASAR,S1,BAIK SEKALI,197
658,PENDIDIKAN JASMANI KESEHATAN DAN REKREASI,S1,BAIK SEKALI,197
659,PENDIDIKAN MATEMATIKA,S1,BAIK,197
660,PENDIDIKAN PANCASILA DAN KEWARGANEGARAAN,S1,BAIK SEKALI,197
661,PENDIDIKAN BAHASA INGGRIS,S1,BAIK SEKALI,198
662,PENDIDIKAN BAHASA DAN SASTRA INDONESIA,S1,B,198
663,PENDIDIKAN GURU SEKOLAH DASAR,S1,BAIK SEKALI,198
664,PENDIDIKAN JASMANI KESEHATAN DAN REKREASI,S1,BAIK SEKALI,198
665,PENDIDIKAN PANCASILA DAN KEWARGANEGARAAN,S1,B,198
666,ILMU PENDIDIKAN THEOLOGI,S1,B,199
667,SISTEM INFORMASI,S1,-,200
668,SISTEM INFORMASI,S1,B,201
669,TEKNOLOGI INFORMASI,S1,BAIK,201
670,SISTEM INFORMASI,D3,B,201
671,ADMINISTRASI PUBLIK,S1,BAIK,202
672,AGROTEKNOLOGI,S1,BAIK SEKALI,202
673,AKUNTANSI,S1,BAIK,202
674,HUKUM,S1,B,202
675,ILMU PERIKANAN,S1,BAIK,202
676,MANAJEMEN,S1,BAIK,202
677,PENDIDIKAN BAHASA INGGRIS,S1,B,202
678,PENDIDIKAN BIOLOGI,S1,BAIK SEKALI,202
679,PENDIDIKAN SEJARAH,S1,BAIK SEKALI,202
680,TEKNIK INDUSTRI,S1,B,202
681,ILMU ADMINISTRASI,S3,B,203
682,ILMU EKONOMI,S3,UNGGUL,203
683,ILMU HUKUM,S3,B,203
684,ILMU ADMINISTRASI PUBLIK,S2,B,203
685,ILMU HUKUM,S2,B,203
686,ILMU KOMUNIKASI,S2,BAIK,203
687,MANAJEMEN,S2,UNGGUL,203
688,PSIKOLOGI,S2,B,203
689,PSIKOLOGI PROFESI,S2,B,203
690,TEKNIK SIPIL,S2,B,203
691,AKUNTANSI,S1,-,204
692,HUKUM,S1,-,204
693,MANAJEMEN,S1,BAIK,204
694,PSIKOLOGI,S1,B,204
695,TEKNIK INDUSTRI,S1,BAIK,204
696,TEKNIK INFORMATIKA,S1,BAIK,204
697,TEKNIK MESIN,S1,BAIK,204
698,KEPARIWISATAAN,D3,-,204
699,TELEVISI DAN FILM,D3,-,204
700,MANAJEMEN,S2,-,205
701,ADMINISTRASI PUBLIK,S1,B,205
702,AGRIBISNIS,S1,B,205
703,BIOLOGI,S1,BAIK,205
704,BISNIS DIGITAL,S1,-,205
705,ILMU HUKUM,S1,B,205
706,MANAJEMEN,S1,B,205
707,MATEMATIKA,S1,BAIK,205
708,PENDIDIKAN GURU SEKOLAH DASAR,S1,BAIK SEKALI,205
709,SASTRA INGGRIS,S1,BAIK,205
710,BIOLOGI,S1,BAIK,206
711,BISNIS DIGITAL,S1,BAIK,206
712,ILMU KOMUNIKASI,S1,TERAKREDITASI SEMENTARA,206
713,KIMIA,S1,BAIK,206
714,MATEMATIKA,S1,BAIK,206
715,TEKNIK SIPIL,S1,BAIK,206
716,TEKNOLOGI HASIL PERTANIAN,S1,BAIK,206
717,TEKNOLOGI INFORMASI,S1,BAIK,206
718,ADMINISTRASI KESEHATAN,S1,BAIK,207
719,BISNIS DIGITAL,S1,BAIK,207
720,FARMASI,S1,BAIK SEKALI,207
721,FISIOTERAPI,S1,BAIK,207
722,KEWIRAUSAHAAN,S1,BAIK,207
723,REKAYASA PERANGKAT LUNAK,S1,BAIK,207
724,SISTEM INFORMASI,S1,BAIK,207
725,FARMASI,D3,BAIK SEKALI,207
726,TEKNOLOGI LABORATORIUM MEDIS,D3,B,207
727,ADMINISTRASI PENDIDIKAN,S2,BAIK,208
728,AKUNTANSI,S1,TIDAK TERAKREDITASI,208
729,BIOLOGI,S1,BAIK,208
730,ILMU HUKUM,S1,BAIK,208
731,ILMU KEPERAWATAN,S1,BAIK,208
732,KESEHATAN MASYARAKAT,S1,BAIK SEKALI,208
733,KIMIA,S1,BAIK,208
734,MANAJEMEN,S1,BAIK,208
735,PENDIDIKAN BAHASA DAN SASTRA INDONESIA,S1,BAIK,208
736,PENDIDIKAN GURU PENDIDIKAN ANAK USIA DINI,S1,BAIK,208
737,ILMU HUKUM,S2,B,209
738,MANAJEMEN,S2,B,209
739,ADMINISTRASI PUBLIK,S1,BAIK SEKALI,209
740,AKUNTANSI,S1,BAIK SEKALI,209
741,EKONOMI PEMBANGUNAN,S1,BAIK SEKALI,209
742,ILMU HUKUM,S1,BAIK SEKALI,209
743,ILMU KOMUNIKASI,S1,BAIK SEKALI,209
744,MANAJEMEN,S1,B,209
745,TEKNIK ELEKTRO,S1,BAIK SEKALI,209
746,TEKNIK INFORMATIKA,S1,BAIK SEKALI,209
747,PENDIDIKAN ILMU PENGETAHUAN SOSIAL,S2,BAIK SEKALI,210
748,PENDIDIKAN MATEMATIKA,S2,BAIK,210
749,ARSITEKTUR,S1,BAIK,210
750,INFORMATIKA,S1,BAIK,210
751,PENDIDIKAN BAHASA INGGRIS,S1,B,210
752,PENDIDIKAN EKONOMI,S1,BAIK SEKALI,210
753,PENDIDIKAN GURU SEKOLAH DASAR,S1,UNGGUL,210
754,PENDIDIKAN ILMU PENGETAHUAN ALAM,S1,BAIK,210
755,PENDIDIKAN MATEMATIKA,S1,BAIK SEKALI,210
756,PENDIDIKAN PANCASILA DAN KEWARGANEGARAAN,S1,BAIK SEKALI,210
757,BIOLOGI,S1,BAIK,211
758,FISIKA,S1,BAIK,211
759,ILMU HUKUM,S1,BAIK,211
760,MATEMATIKA,S1,BAIK,211
761,PENDIDIKAN AGAMA ISLAM,S1,B,211
762,PENDIDIKAN BAHASA INDONESIA,S1,BAIK,211
763,PENDIDIKAN BAHASA INGGRIS,S1,BAIK,211
764,PENDIDIKAN GURU MADRASAH IBTIDAIYAH,S1,BAIK,211
765,PENDIDIKAN KIMIA,S1,BAIK,211
766,TEKNIK ELEKTRO,S1,BAIK,211
767,KEPERAWATAN,S2,BAIK,212
768,AKUNTANSI,S1,-,212
769,ILMU KEPERAWATAN,S1,B,212
770,INFORMATIKA,S1,BAIK,212
771,KEBIDANAN,S1,BAIK,212
772,MANAJEMEN,S1,-,212
773,PENDIDIKAN PROFESI BIDAN,PROFESI,BAIK,212
774,PROFESI NERS,PROFESI,B,212
775,KEBIDANAN,D3,-,212
776,KEPERAWATAN,D3,BAIK SEKALI,212
777,ADMINISTRASI PUBLIK,S1,B,213
778,AGRIBISNIS,S1,B,213
779,EKONOMI PEMBANGUNAN,S1,B,213
780,HUKUM,S1,B,213
781,ILMU LINGKUNGAN,S1,BAIK,213
782,KIMIA,S1,BAIK,213
783,MANAJEMEN RITEL,S1,BAIK,213
784,TEKNIK INDUSTRI,S1,BAIK,213
785,TEKNIK SIPIL,S1,BAIK,213
786,AGRIBISNIS,S1,BAIK,214
787,BIMBINGAN DAN KONSELING,S1,-,214
788,HUKUM,S1,BAIK,214
789,HUKUM KELUARGA,S1,BAIK,214
790,ILMU ADMINISTRASI NEGARA,S1,BAIK,214
791,ILMU HUKUM,S1,-,214
792,KEPENDIDIKAN ISLAM,S1,-,214
793,PENDIDIKAN MATEMATIKA,S1,BAIK,214
794,TEKNIK SIPIL,S1,BAIK,214
795,KEPERAWATAN,D3,BAIK SEKALI,214
796,ILMU MANAJEMEN,S3,BAIK SEKALI,215
797,MANAJEMEN,S2,UNGGUL,215
798,AKUNTANSI,S1,UNGGUL,215
799,ARSITEKTUR,S1,BAIK SEKALI,215
800,DESAIN KOMUNIKASI VISUAL,S1,A,215
801,DESAIN KOMUNIKASI VISUAL,S1,BAIK,215
802,DESAIN PRODUK,S1,BAIK,215
803,ILMU KOMUNIKASI,S1,BAIK,215
804,INFORMATIKA,S1,UNGGUL,215
805,INFORMATIKA,S1,BAIK SEKALI,215
806,ILMU EKONOMI,S2,B,216
807,PENDIDIKAN ISLAM,S2,BAIK,216
808,AGRIBISNIS,S1,BAIK,216
809,AGROTEKNOLOGI,S1,BAIK,216
810,AKUNTANSI,S1,BAIK,216
811,BIMBINGAN DAN KONSELING,S1,BAIK SEKALI,216
812,EKONOMI PEMBANGUNAN,S1,BAIK,216
813,ILMU AL-QUR'AN DAN TAFSIR,S1,BAIK,216
814,ILMU HUBUNGAN INTERNASIONAL,S1,B,216
815,ILMU HUKUM,S1,BAIK,216
816,AQIDAH DAN FILSAFAT ISLAM,S3,BAIK SEKALI,217
817,AQIDAH DAN FILSAFAT ISLAM,S2,UNGGUL,217
818,HUKUM EKONOMI SYARIAH,S2,UNGGUL,217
819,PENDIDIKAN BAHASA ARAB,S2,B,217
820,AGROTEKNOLOGI,S1,BAIK,217
821,AQIDAH DAN FILSAFAT ISLAM,S1,A,217
822,EKONOMI ISLAM,S1,UNGGUL,217
823,FARMASI,S1,B,217
824,HUBUNGAN INTERNASIONAL,S1,B,217
825,HUKUM EKONOMI SYARIAH,S1,UNGGUL,217
826,AKUNTANSI,S1,BAIK,218
827,DESAIN KOMUNIKASI VISUAL,S1,BAIK SEKALI,218
828,DESAIN PRODUK,S1,BAIK SEKALI,218
829,MANAJEMEN,S1,BAIK SEKALI,218
830,SISTEM INFORMASI,S1,BAIK SEKALI,218
831,TEKNIK KOMPUTER,S1,B,218
832,PRODUKSI FILM DAN TELEVISI,D4,BAIK SEKALI,218
833,SISTEM INFORMASI,D3,BAIK SEKALI,218
834,PENDIDIKAN DASAR,S2,BAIK,219
835,INFORMATIKA,S1,BAIK,219
836,PENDIDIKAN BAHASA INGGRIS,S1,B,219
837,PENDIDIKAN GURU PENDIDIKAN ANAK USIA DINI,S1,BAIK,219
838,PENDIDIKAN GURU SEKOLAH DASAR,S1,B,219
839,"PENDIDIKAN JASMANI, KESEHATAN DAN REKREASI",S1,B,219
840,PENDIDIKAN KHUSUS,S1,BAIK,219
841,SOSIAL EKONOMI PERTANIAN,S1,BAIK,219
842,TEKNIK SIPIL,S1,BAIK,219
843,TEKNOLOGI PANGAN,S1,BAIK,219
844,MANAJEMEN,S3,BAIK SEKALI,220
845,ILMU ADMINISTRASI,S2,B,220
846,ILMU HUKUM,S2,B,220
847,ILMU KOMUNIKASI,S2,B,220
848,MANAJEMEN,S2,BAIK SEKALI,220
849,PENDIDIKAN BAHASA INDONESIA,S2,B,220
850,TEKNOLOGI PENDIDIKAN,S2,B,220
851,AGROBISNIS PERIKANAN,S1,B,220
852,AKUNTANSI,S1,B,220
853,BUDIDAYA PERAIRAN,S1,B,220
854,BISNIS DIGITAL,S1,BAIK,221
855,BISNIS DIGITAL,S1,BAIK,221
856,FARMASI,S1,BAIK,221
857,ILMU KEPERAWATAN,S1,BAIK SEKALI,221
858,KEBIDANAN,S1,BAIK,221
859,KEWIRAUSAHAAN,S1,BAIK,221
860,PENDIDIKAN PROFESI BIDAN,PROFESI,BAIK,221
861,PROFESI NERS,PROFESI,BAIK SEKALI,221
862,TEKNOLOGI LABORATORIUM MEDIS,D4,BAIK,221
863,MANAJEMEN,S3,BAIK,222
864,AKUNTANSI,S2,BAIK SEKALI,222
865,MANAJEMEN,S2,BAIK SEKALI,222
866,AKUNTANSI,S1,UNGGUL,222
867,BAHASA INGGRIS,S1,B,222
868,EKONOMI PEMBANGUNAN,S1,BAIK,222
869,FISIKA,S1,-,222
870,ILMU KOMUNIKASI,S1,BAIK,222
871,MANAJEMEN,S1,BAIK SEKALI,222
872,PSIKOLOGI,S1,BAIK SEKALI,222
873,MANAJEMEN PENDIDIKAN,S2,BAIK SEKALI,223
874,ADMINISTRASI PENDIDIKAN,S1,B,223
875,AKUNTANSI,S1,BAIK,223
876,ILMU HUKUM,S1,B,223
877,ILMU KEPERAWATAN,S1,B,223
878,ILMU KOMPUTER,S1,BAIK,223
879,KESELAMATAN DAN KESEHATAN KERJA,S1,BAIK,223
880,MANAJEMEN,S1,BAIK SEKALI,223
881,SASTRA INGGRIS,S1,BAIK,223
882,TEKNIK MESIN,S1,BAIK,223
883,BISNIS DIGITAL,S1,-,224
884,FARMASI KLINIK DAN KOMUNITAS,S1,BAIK,224
885,ILMU KEOLAHRAGAAN,S1,BAIK,224
886,ILMU KEPERAWATAN,S1,BAIK SEKALI,224
887,KEBIDANAN,S1,BAIK,224
888,NERS,PROFESI,BAIK SEKALI,224
889,PENDIDIKAN PROFESI BIDAN,PROFESI,-,224
890,BIDAN PENDIDIK,D4,-,224
891,KEBIDANAN,D3,-,224
892,KEPERAWATAN,D3,BAIK SEKALI,224
893,ADMINISTRASI PUBLIK,S3,BAIK,225
894,ADMINISTRASI PUBLIK,S2,BAIK SEKALI,225
895,ILMU HUKUM,S2,UNGGUL,225
896,TEKNIK KELAUTAN,S2,BAIK SEKALI,225
897,ADMINISTRASI BISNIS,S1,B,225
898,ADMINISTRASI PUBLIK,S1,UNGGUL,225
899,FARMASI,S1,UNGGUL,225
900,ILMU HUKUM,S1,UNGGUL,225
901,KEDOKTERAN,S1,UNGGUL,225
902,OSEANOGRAFI,S1,UNGGUL,225
903,HUKUM KELUARGA,S2,BAIK,226
904,PENDIDIKAN AGAMA ISLAM,S2,B,226
905,PENDIDIKAN BAHASA ARAB,S2,BAIK,226
906,AKUNTANSI,S1,BAIK,226
907,EKONOMI ISLAM,S1,BAIK,226
908,HUKUM EKONOMI SYARIAH,S1,BAIK,226
909,HUKUM KELUARGA,S1,B,226
910,KOMUNIKASI DAN PENYIARAN ISLAM,S1,B,226
911,MANAJEMEN,S1,BAIK SEKALI,226
912,MANAJEMEN PENDIDIKAN ISLAM,S1,BAIK,226
913,MANAJEMEN,S2,UNGGUL,227
914,AKUNTANSI,S1,A,227
915,DESAIN KOMUNIKASI VISUAL,S1,BAIK,227
916,EKONOMI SYARIAH,S1,UNGGUL,227
917,INFORMATIKA,S1,BAIK SEKALI,227
918,MANAJEMEN,S1,A,227
919,SISTEM INFORMASI,S1,BAIK SEKALI,227
920,AKUNTANSI,D3,A,227
921,PERBANKAN DAN KEUANGAN,D3,A,227
922,HUKUM EKONOMI SYARIAH,S2,B,228
923,PENDIDIKAN AGAMA ISLAM,S2,BAIK SEKALI,228
924,AKUNTANSI,S1,BAIK,228
925,AKUNTANSI SYARIAH,S1,BAIK,228
926,ARSITEKTUR,S1,BAIK,228
927,BIMBINGAN DAN PENYULUHAN ISLAM,S1,BAIK,228
928,EKONOMI SYARIAH,S1,B,228
929,FARMASI,S1,C,228
930,HUKUM,S1,BAIK,228
931,HUKUM EKONOMI SYARIAH,S1,B,228
932,PENDIDIKAN OLAHRAGA,S2,BAIK SEKALI,229
933,PENDIDIKAN BAHASA DAN SASTRA INDONESIA,S1,B,229
934,PENDIDIKAN BAHASA INGGRIS,S1,BAIK SEKALI,229
935,PENDIDIKAN BIOLOGI,S1,B,229
936,PENDIDIKAN EKONOMI,S1,B,229
937,"PENDIDIKAN JASMANI, KESEHATAN & REKREASI",S1,BAIK SEKALI,229
938,PENDIDIKAN MATEMATIKA,S1,B,229
939,PENDIDIKAN SEJARAH DAN SOSIOLOGI,S1,BAIK SEKALI,229
940,TEKNIK ELEKTRO,S1,BAIK,229
941,TEKNIK KIMIA,S1,BAIK,229
942,AKUNTANSI,S1,BAIK SEKALI,230
943,DESAIN KOMUNIKASI VISUAL,S1,BAIK SEKALI,230
944,EKONOMI SYARIAH,S1,BAIK SEKALI,230
945,INFORMATIKA,S1,BAIK SEKALI,230
946,MANAJEMEN,S1,BAIK SEKALI,230
947,MANAJEMEN REKAYASA,S1,BAIK SEKALI,230
948,SISTEM INFORMASI,S1,B,230
949,TEKNIK KIMIA,S1,BAIK SEKALI,230
950,TEKNIK LOGISTIK,S1,BAIK SEKALI,230
951,TEKNOLOGI INDUSTRI PERTANIAN,S1,BAIK,230
952,AGRIBISNIS,S1,B,231
953,AGROTEKNOLOGI,S1,BAIK,231
954,AKUNTANSI,S1,B,231
955,BIMBINGAN KONSELING ISLAM,S1,-,231
956,ILMU ADMINISTRASI NEGARA,S1,BAIK SEKALI,231
957,ILMU ADMINISTRASI NIAGA,S1,B,231
958,ILMU HUKUM,S1,B,231
959,ILMU KOMUNIKASI,S1,B,231
960,ILMU TERNAK,S1,B,231
961,MANAJEMEN,S1,B,231
962,PENDIDIKAN AGAMA ISLAM,S2,BAIK SEKALI,232
963,PENDIDIKAN BAHASA DAN SASTRA INDONESIA,S2,B,232
964,AGROTEKNOLOGI,S1,B,232
965,AKUNTANSI,S1,BAIK,232
966,ARSITEKTUR,S1,B,232
967,EKONOMI SYARIAH,S1,BAIK,232
968,ILMU HUKUM,S1,B,232
969,ILMU PEMERINTAHAN,S1,BAIK,232
970,ILMU POLITIK,S1,B,232
971,INFORMATIKA,S1,BAIK,232
972,PENDIDIKAN AGAMA ISLAM,S2,BAIK,233
973,AGRIBISNIS,S1,B,233
974,AGROTEKNOLOGI,S1,B,233
975,BIMBINGAN DAN KONSELING,S1,B,233
976,EKONOMI SYARIAH,S1,BAIK,233
977,ILMU ADMINISTRASI NEGARA,S1,B,233
978,ILMU HUKUM,S1,B,233
979,ILMU KOMUNIKASI,S1,B,233
980,MANAJEMEN BISNIS SYARIAH,S1,BAIK,233
981,PENDIDIKAN AGAMA ISLAM,S1,BAIK SEKALI,233
982,AGRIBISNIS,S2,B,234
983,ILMU HUKUM,S2,B,234
984,MANAJEMEN,S2,B,234
985,AGRIBISNIS,S1,BAIK,234
986,AGROTEKNOLOGI,S1,B,234
987,AKUNTANSI,S1,BAIK SEKALI,234
988,ILMU HUKUM,S1,B,234
989,KIMIA,S1,BAIK,234
990,MANAJEMEN,S1,BAIK SEKALI,234
991,PENDIDIKAN BAHASA INGGRIS,S1,B,234
992,MANAJEMEN,S2,BAIK,235
993,PENDIDIKAN AGAMA ISLAM,S2,BAIK SEKALI,235
994,AGROBISNIS PERIKANAN,S1,B,235
995,AKUNTANSI,S1,B,235
996,EKONOMI SYARI`AH,S1,BAIK,235
997,ILMU HUKUM,S1,BAIK,235
998,KESEHATAN LINGKUNGAN,S1,BAIK SEKALI,235
999,MANAJEMEN,S1,BAIK SEKALI,235
1000,MANAJEMEN SUMBER DAYA PERAIRAN,S1,B,235
1001,PENDIDIKAN AGAMA ISLAM,S1,UNGGUL,235
1002,MANAJEMEN PENDIDIKAN ISLAM,S2,BAIK,236
1003,AGRIBISNIS,S1,B,236
1004,AGROBISNIS PERIKANAN,S1,BAIK,236
1005,AGROTEKNOLOGI,S1,B,236
1006,AKUNTANSI,S1,B,236
1007,HUKUM KELUARGA ISLAM,S1,B,236
1008,ILMU HUKUM,S1,BAIK,236
1009,MATEMATIKA,S1,BAIK,236
1010,PENDIDIKAN AGAMA ISLAM,S1,B,236
1011,PENDIDIKAN BAHASA INGGRIS,S1,BAIK SEKALI,236
1012,AKUNTANSI,S1,B,237
1013,ILMU KOMUNIKASI,S1,B,237
1014,ILMU PEMERINTAHAN,S1,BAIK,237
1015,INFORMATIKA,S1,BAIK,237
1016,MANAJEMEN,S1,B,237
1017,PENDIDIKAN AGAMA ISLAM,S1,B,237
1018,PENDIDIKAN BAHASA INDONESIA,S1,B,237
1019,PENDIDIKAN BAHASA INGGRIS,S1,B,237
1020,PENDIDIKAN MATEMATIKA,S1,B,237
1021,TEKNIK INDUSTRI,S1,BAIK,237
1022,PENDIDIKAN AGAMA ISLAM,S3,UNGGUL,238
1023,ADMINISTRASI PUBLIK,S2,BAIK SEKALI,238
1024,HUKUM,S2,BAIK,238
1025,HUKUM KELUARGA ISLAM,S2,B,238
1026,KENOTARIATAN,S2,BAIK SEKALI,238
1027,MANAJEMEN,S2,BAIK SEKALI,238
1028,PENDIDIKAN AGAMA ISLAM,S2,UNGGUL,238
1029,PENDIDIKAN BAHASA INDONESIA,S2,BAIK,238
1030,PENDIDIKAN BAHASA INGGRIS,S2,BAIK SEKALI,238
1031,PENDIDIKAN MATEMATIKA,S2,BAIK,238
1032,PENDIDIKAN AGAMA ISLAM,S2,B,239
1033,AGROTEKNOLOGI,S1,BAIK,239
1034,EKONOMI SYARIAH,S1,BAIK,239
1035,ILMU PEMERINTAHAN,S1,BAIK,239
1036,MANAJEMEN,S1,BAIK SEKALI,239
1037,PENDIDIKAN AGAMA ISLAM,S1,BAIK SEKALI,239
1038,PENDIDIKAN GURU MADRASAH IBTIDAIYAH,S1,BAIK SEKALI,239
1039,PENDIDIKAN GURU SEKOLAH DASAR,S1,BAIK SEKALI,239
1040,PENDIDIKAN IPS,S1,BAIK,239
1041,PERBANKAN SYARIAH,S1,BAIK,239
1042,ADMINISTRASI PUBLIK,S2,B,240
1043,HUKUM,S2,BAIK SEKALI,240
1044,KESEHATAN MASYARAKAT,S2,BAIK,240
1045,MANAJEMEN,S2,BAIK,240
1046,ADMINISTRASI PUBLIK,S1,B,240
1047,AGRIBISNIS,S1,BAIK SEKALI,240
1048,AGROTEKNOLOGI,S1,B,240
1049,EKONOMI PEMBANGUNAN,S1,BAIK,240
1050,FARMASI,S1,B,240
1051,HUKUM,S1,B,240
1052,AGRIBISNIS,S1,BAIK,241
1053,AGROTEKNOLOGI,S1,BAIK,241
1054,AKUNTANSI,S1,B,241
1055,MANAJEMEN,S1,BAIK,241
1056,"PENDIDIKAN JASMANI, KESEHATAN DAN REKREASI",S1,BAIK,241
1057,PENDIDIKAN PANCASILA DAN KEWARGANEGARAAN,S1,BAIK,241
1058,PETERNAKAN,S1,BAIK,241
1059,TEKNIK ELEKTRO,S1,BAIK,241
1060,TEKNIK INFORMATIKA,S1,BAIK,241
1061,TEKNIK SIPIL,S1,BAIK,241
1062,AKUNTANSI,S1,BAIK SEKALI,242
1063,ARSITEKTUR,S1,B,242
1064,ILMU HUKUM,S1,BAIK SEKALI,242
1065,ILMU INFORMATIKA,S1,BAIK,242
1066,MANAJEMEN,S1,BAIK SEKALI,242
1067,TEKNIK INDUSTRI,S1,BAIK,242
1068,AKUPUNTUR DAN PENGOBATAN HERBAL,D4,BAIK,242
1069,AGRIBISNIS,S1,B,243
1070,AKUNTANSI,S1,BAIK,243
1071,HUKUM,S1,B,243
1072,MANAJEMEN,S1,B,243
1073,SISTEM INFORMASI,S1,BAIK,243
1074,TEKNIK MESIN,S1,BAIK,243
1075,TEKNIK SIPIL,S1,B,243
1076,TEKNOLOGI PANGAN,S1,B,243
1077,ADMNISTRASI PERKANTORAN,D3,BAIK,243
1078,SISTEM INFORMASI,D3,BAIK,243
1079,ILMU MANAJEMEN,S3,-,244
1080,PENDIDIKAN BAHASA INGGRIS,S3,BAIK,244
1081,AKUNTANSI,S2,BAIK SEKALI,244
1082,MANAJEMEN,S2,BAIK SEKALI,244
1083,PENDIDIKAN BAHASA INGGRIS,S2,BAIK SEKALI,244
1084,TEKNIK KIMIA,S2,BAIK SEKALI,244
1085,AKUNTANSI,S1,-,244
1086,AKUNTANSI,S1,BAIK SEKALI,244
1087,BAHASA INGGRIS,S1,BAIK SEKALI,244
1088,BIMBINGAN DAN KONSELING,S1,BAIK SEKALI,244
1089,ADMINISTRASI RUMAH SAKIT,S1,-,245
1090,BISNIS DIGITAL,S1,-,245
1091,KEPERAWATAN,S1,-,245
1092,KESELAMATAN DAN KESEHATAN KERJA,S1,-,245
1093,KEWIRAUSAHAAN,S1,-,245
1094,PARIWISATA,S1,-,245
1095,PENDIDIKAN PROFESI NERS,PROFESI,-,245
1096,KEPERAWATAN,D3,-,245
1097,PENDIDIKAN AGAMA ISLAM,S2,BAIK,246
1098,AGRIBISNIS,S1,BAIK,246
1099,AGROEKOTEKNOLOGI,S1,BAIK,246
1100,EKONOMI SYARIAH,S1,B,246
1101,INFORMATIKA,S1,BAIK SEKALI,246
1102,MANAJEMEN,S1,BAIK,246
1103,PENDIDIKAN AGAMA ISLAM,S1,B,246
1104,PENDIDIKAN BAHASA ARAB,S1,BAIK SEKALI,246
1105,PENDIDIKAN BAHASA INGGRIS,S1,BAIK SEKALI,246
1106,PENDIDIKAN BIOLOGI,S1,BAIK SEKALI,246
1107,AKUNTANSI,S1,BAIK,247
1108,INFORMATIKA,S1,BAIK,247
1109,MANAJEMEN,S1,BAIK,247
1110,SISTEM INFORMASI,S1,BAIK,247
1111,TEKNIK INDUSTRI,S1,BAIK,247
1112,TEKNIK INDUSTRI,S1,TIDAK TERAKREDITASI,247
1113,ILMU HUKUM,S1,BAIK,248
1114,MANAJEMEN,S1,-,248
1115,PENDIDIKAN BIOLOGI,S1,BAIK,248
1116,PENDIDIKAN PANCASILA DAN KEWARGANEGARAAN,S1,BAIK,248
1117,SASTRA INGGRIS,S1,BAIK,248
1118,TEKNIK MESIN,S1,BAIK,248
1119,TEKNIK SIPIL,S1,BAIK,248
1120,TEKNOLOGI HASIL PERTANIAN,S1,BAIK,248
1121,ILMU MANAJEMEN,S3,BAIK,249
1122,TEKNIK SIPIL,S3,BAIK SEKALI,249
1123,ARSITEKTUR,S2,B,249
1124,MANAJEMEN,S2,UNGGUL,249
1125,SASTRA,S2,BAIK,249
1126,TEKNIK INDUSTRI,S2,BAIK SEKALI,249
1127,TEKNIK SIPIL,S2,B,249
1128,AKUNTANSI,S1,A,249
1129,ARSITEKTUR,S1,UNGGUL,249
1130,BAHASA MANDARIN,S1,B,249
1131,AGRIBISNIS,S1,BAIK,250
1132,ILMU ADMINISTRASI NEGARA,S1,B,250
1133,ILMU HUKUM,S1,BAIK,250
1134,MANAJEMEN INOVASI,S2,BAIK,251
1135,AKUNTANSI,S1,B,251
1136,DESAIN KOMUNIKASI VISUAL -,S1,BAIK,251
1137,FARMASI,S1,B,251
1138,KIMIA,S1,-,251
1139,MANAJEMEN,S1,B,251
1140,PENDIDIKAN BAHASA MANDARIN,S1,BAIK,251
1141,SASTRA INGGRIS,S1,A,251
1142,SISTEM INFORMASI,S1,B,251
1143,TEKNIK INDUSTRI,S1,BAIK SEKALI,251
1144,HUKUM,S2,-,252
1145,MANAJEMEN,S2,-,252
1146,AKUNTANSI,S1,BAIK SEKALI,252
1147,DESAIN KOMUNIKASI VISUAL,S1,BAIK,252
1148,HUKUM,S1,BAIK,252
1149,KEWIRAUSAHAAN,S1,-,252
1150,MANAJEMEN,S1,BAIK SEKALI,252
1151,MIKROBIOLOGI,S1,-,252
1152,TEKNIK INDUSTRI,S1,B,252
1153,TEKNIK INFORMATIKA,S1,BAIK SEKALI,252
1154,INFORMATIKA,S1,-,253
1155,MANAJEMEN,S1,-,253
1156,PENDIDIKAN BAHASA INGGRIS,S1,-,253
1157,PENDIDIKAN GURU PENDIDIKAN ANAK USIA DINI,S1,-,253
1158,PENDIDIKAN GURU SEKOLAH DASAR,S1,-,253
1159,PENDIDIKAN JASMANI,S1,-,253
1160,PETERNAKAN,S1,-,253
1161,REKAYASA SIPIL,S1,-,253
1162,BAHASA KOREA,D3,-,253
1163,KEBIDANAN,D3,-,253
1164,HUKUM,S2,BAIK,254
1165,MANAJEMEN,S2,BAIK,254
1166,ADMINISTRASI PUBLIK,S1,B,254
1167,AGRIBISNIS,S1,BAIK,254
1168,AKUNTANSI,S1,B,254
1169,BISNIS DIGITAL,S1,BAIK,254
1170,HUKUM,S1,B,254
1171,INFORMATIKA,S1,BAIK,254
1172,MANAJEMEN,S1,B,254
1173,PENDIDIKAN BAHASA INDONESIA,S1,BAIK SEKALI,254
1174,AGRIBISNIS,S1,B,255
1175,AKUNTANSI,S1,BAIK,255
1176,ILMU HUKUM,S1,B,255
1177,MANAJEMEN,S1,BAIK SEKALI,255
1178,PENDIDIKAN BAHASA INGGRIS,S1,BAIK,255
1179,AGROTEKNOLOGI,S1,B,256
1180,AKUNTANSI,S1,B,256
1181,ILMU ADMINISTRASI NEGARA,S1,B,256
1182,ILMU HUKUM,S1,B,256
1183,ILMU KOMUNIKASI,S1,B,256
1184,MANAJEMEN,S1,BAIK SEKALI,256
1185,TEKNIK MESIN,S1,BAIK,256
1186,TEKNIK SIPIL,S1,BAIK SEKALI,256
1187,MANAJEMEN INFORMATIKA,D3,BAIK SEKALI,256
1188,ILMU EKONOMI,S3,B,257
1189,ILMU SOSIAL,S3,B,257
1190,ADMINISTRASI PUBLIK,S2,A,257
1191,AKUNTANSI,S2,BAIK SEKALI,257
1192,ARSITEKTUR,S2,B,257
1193,HUKUM,S2,A,257
1194,MANAJEMEN,S2,A,257
1195,ADMINISTRASI BISNIS,S1,B,257
1196,ADMINISTRASI PUBLIK,S1,BAIK,257
1197,AGROTEKNOLOGI,S1,BAIK,257
1198,AGROTEKNOLOGI,S1,B,258
1199,ILMU HUKUM,S1,B,258
1200,MANAJEMEN,S1,B,258
1201,REKAYASA PERANGKAT LUNAK,S1,BAIK,258
1202,TEKNIK INFORMATIKA,S1,BAIK SEKALI,258
1203,AGROTEKNOLOGI,S1,B,259
1204,AKUNTANSI,S1,BAIK,259
1205,ARSITEKTUR,S1,BAIK,259
1206,ILMU HUKUM,S1,BAIK SEKALI,259
1207,MANAJEMEN,S1,BAIK,259
1208,KEBIDANAN,D3,B,259
1209,AGROTEKNOLOGI,S1,B,260
1210,BIMBINGAN DAN KONSELING,S1,B,260
1211,EKONOMI PEMBANGUNAN,S1,B,260
1212,ILMU ADMINISTRASI NEGARA,S1,B,260
1213,ILMU HUKUM,S1,B,260
1214,MANAJEMEN,S1,B,260
1215,TEKNIK SIPIL,S1,BAIK,260
1216,MANAJEMEN,S2,BAIK,261
1217,PENDIDIKAN BAHASA INGGRIS,S2,BAIK SEKALI,261
1218,AGRIBISNIS,S1,BAIK,261
1219,AGROTEKNOLOGI,S1,B,261
1220,AKUNTANSI,S1,B,261
1221,BUDIDAYA PERIKANAN,S1,B,261
1222,HUKUM,S1,B,261
1223,ILMU GIZI,S1,B,261
1224,ILMU KEPERAWATAN,S1,B,261
1225,KEBIDANAN,S1,BAIK,261
1226,MANAJEMEN,S2,B,262
1227,AGRIBISNIS,S1,A,262
1228,AGROTEKNOLOGI,S1,A,262
1229,AKUNTANSI,S1,UNGGUL,262
1230,EKONOMI SYARIAH,S1,BAIK,262
1231,ILMU HUKUM,S1,BAIK SEKALI,262
1232,ILMU KEPERAWATAN,S1,B,262
1233,ILMU KOMUNIKASI,S1,A,262
1234,ILMU PEMERINTAHAN,S1,A,262
1235,MANAJEMEN,S1,UNGGUL,262
1236,ADMINISTRASI RUMAH SAKIT,S1,BAIK SEKALI,263
1237,AKUNTANSI,S1,BAIK,263
1238,BIOLOGI,S1,BAIK,263
1239,EKONOMI SYARIAH,S1,BAIK,263
1240,FARMASI,S1,BAIK,263
1241,FISIKA,S1,BAIK,263
1242,INFORMATIKA MEDIS,S1,BAIK,263
1243,KEBIDANAN,S1,BAIK SEKALI,263
1244,KEPERAWATAN,S1,B,263
1245,KESELAMATAN DAN KESEHATAN KERJA,S1,BAIK,263
1246,ADMINISTRASI KESEHATAN,S1,BAIK,264
1247,BIOKEWIRAUSAHAAN,S1,BAIK,264
1248,ILMU AKTUARIA,S1,BAIK,264
1249,ILMU KESEJAHTERAAN SOSIAL,S1,BAIK SEKALI,264
1250,ILMU KOMUNIKASI,S1,BAIK SEKALI,264
1251,ILMU LINGKUNGAN,S1,BAIK,264
1252,INFORMATIKA,S1,BAIK,264
1253,KEBIDANAN,D3,BAIK SEKALI,264
1254,ILMU PERTANIAN,S3,B,265
1255,PENDIDIKAN,S3,BAIK,265
1256,PENDIDIKAN AGAMA ISLAM,S3,UNGGUL,265
1257,SOSIOLOGI,S3,B,265
1258,AGRIBISNIS,S2,UNGGUL,265
1259,AKUNTANSI,S2,BAIK,265
1260,HUKUM,S2,A,265
1261,MANAJEMEN,S2,BAIK SEKALI,265
1262,PEDAGOGI,S2,B,265
1263,PENDIDIKAN AGAMA ISLAM,S2,A,265
1264,PENDIDIKAN AGAMA ISLAM,S2,B,266
1265,MANAJEMEN,S2,BAIK,266
1266,PEDAGOGI,S2,BAIK,266
1267,AKUNTANSI,S1,B,266
1268,EKONOMI PEMBANGUNAN,S1,B,266
1269,EKONOMI SYARIAH,S1,BAIK,266
1270,FISIOTERAPI,S1,BAIK,266
1271,ILMU HUKUM,S1,BAIK SEKALI,266
1272,ILMU KOMUNIKASI,S1,BAIK SEKALI,266
1273,ILMU PEMERINTAHAN,S1,BAIK SEKALI,266
1274,MANAJEMEN,S2,B,267
1275,MANAJEMEN PENDIDIKAN ISLAM,S2,B,267
1276,ADMINISTRASI PUBLIK,S1,UNGGUL,267
1277,AGROTEKNOLOGI,S1,BAIK SEKALI,267
1278,AKUNTANSI,S1,UNGGUL,267
1279,BISNIS DIGITAL,S1,BAIK SEKALI,267
1280,FISIOTERAPI,S1,BAIK,267
1281,HUKUM,S1,B,267
1282,ILMU KOMUNIKASI,S1,UNGGUL,267
1283,INFORMATIKA,S1,B,267
1284,ADMINISTRASI RUMAH SAKIT,S2,BAIK,268
1285,HUKUM EKONOMI SYARIAH,S2,BAIK SEKALI,268
1286,PENDIDIKAN BAHASA DAN SASTRA INDONESIA,S2,UNGGUL,268
1287,PENDIDIKAN ISLAM,S2,BAIK,268
1288,AKUNTANSI,S1,B,268
1289,ARSITEKTUR,S1,BAIK SEKALI,268
1290,DESAIN KOMUNIKASI VISUAL,S1,BAIK,268
1291,FARMASI,S1,BAIK SEKALI,268
1292,FISIOTERAPI,S1,BAIK SEKALI,268
1293,HUKUM KELUARGA,S1,UNGGUL,268
1294,EKONOMI SYARIAH,S1,BAIK,269
1295,FISIKA,S1,BAIK,269
1296,HUKUM KELUARGA ISLAM,S1,BAIK,269
1297,ILMU AL-QURAN DAN TAFSIR,S1,BAIK,269
1298,ILMU KOMPUTER,S1,BAIK,269
1299,KOMUNIKASI PENYIARAN ISLAM,S1,BAIK,269
1300,MATEMATIKA,S1,BAIK SEKALI,269
1301,PENDIDIKAN BAHASA INDONESIA,S1,BAIK,269
1302,PENDIDIKAN BAHASA INGGRIS,S1,BAIK,269
1303,PENDIDIKAN GURU SEKOLAH DASAR,S1,BAIK,269
1304,DESAIN KOMUNIKASI VISUAL,S1,BAIK,270
1305,PENDIDIKAN BIOLOGI - S1,S1,BAIK,270
1306,PENDIDIKAN FISIKA,S1,BAIK,270
1307,PENDIDIKAN MATEMATIKA,S1,BAIK,270
1308,TEKNIK INDUSTRI,S1,BAIK,270
1309,TEKNIK KIMIA,S1,BAIK,270
1310,TEKNOLOGI HASIL PERTANIAN,S1,BAIK,270
1311,AKUNTANSI,S1,BAIK,271
1312,DESAIN KOMUNIKASI VISUAL,S1,BAIK,271
1313,MANAJEMEN,S1,BAIK,271
1314,PENDIDIKAN BAHASA INGGRIS,S1,BAIK SEKALI,271
1315,PENDIDIKAN GURU MADRASAH IBTIDAIYAH,S1,BAIK,271
1316,PENDIDIKAN GURU SEKOLAH DASAR,S1,UNGGUL,271
1317,PENDIDIKAN ISLAM ANAK USIA DINI,S1,BAIK,271
1318,SISTEM INFORMASI,S1,BAIK,271
1319,TEKNIK INDUSTRI,S1,BAIK,271
1320,TEKNIK INFORMATIKA,S1,BAIK,271
1321,HUKUM EKONOMI SYARIAH,S2,BAIK,272
1322,PENDIDIKAN AGAMA ISLAM,S2,BAIK,272
1323,BAHASA DAN SASTRA ARAB,S1,BAIK SEKALI,272
1324,BIMBINGAN KONSELING,S1,-,272
1325,FARMASI,S1,BAIK SEKALI,272
1326,HUKUM EKONOMI SYARIAH,S1,A,272
1327,HUKUM KELUARGA ISLAM,S1,B,272
1328,PENDIDIKAN AGAMA ISLAM,S1,BAIK SEKALI,272
1329,PENDIDIKAN BAHASA INGGRIS,S1,BAIK SEKALI,272
1330,PENDIDIKAN GURU MADRASAH IBTIDAIYAH,S1,B,272
1331,KEPERAWATAN,S2 TERAPAN,UNGGUL,273
1332,PENDIDIKAN DASAR,S2,BAIK,273
1333,AKUNTANSI,S1,UNGGUL,273
1334,GIZI,S1,UNGGUL,273
1335,KEBIDANAN,S1,UNGGUL,273
1336,KEPERAWATAN,S1,B,273
1337,KESEHATAN MASYARAKAT,S1,A,273
1338,MANAJEMEN,S1,UNGGUL,273
1339,PENDIDIKAN BAHASA INGGRIS,S1,UNGGUL,273
1340,PENDIDIKAN DOKTER,S1,B,273
1341,ILMU HUKUM,S2,B,274
1342,KENOTARIATAN,S2,B,274
1343,MANAJEMEN,S2,BAIK SEKALI,274
1344,TEKNIK SIPIL,S2,BAIK SEKALI,274
1345,AKUNTANSI,S1,B,274
1346,ILMU HUKUM,S1,B,274
1347,MANAJEMEN,S1,B,274
1348,PENDIDIKAN GURU PENDIDIKAN ANAK USIA DINI,S1,B,274
1349,SISTEM INFORMASI,S1,BAIK SEKALI,274
1350,SISTEM KOMPUTER,S1,B,274
1351,AGRIBISNIS,S1,BAIK,275
1352,BISNIS DIGITAL,S1,BAIK,275
1353,GIZI,S1,BAIK,275
1354,KEPERAWATAN,S1,BAIK,275
1355,KEWIRAUSAHAAN,S1,BAIK,275
1356,PERDAGANGAN INTERNASIONAL,S1,-,275
1357,PENDIDIKAN PROFESI NERS,PROFESI,BAIK,275
1358,KEPERAWATAN,D3,B,275
1359,MANAJEMEN PENDIDIKAN ISLAM,S2,BAIK SEKALI,276
1360,PENDIDIKAN AGAMA ISLAM,S2,BAIK SEKALI,276
1361,EKONOMI,S1,BAIK,276
1362,EKONOMI SYARI'AH,S1,BAIK SEKALI,276
1363,HUKUM,S1,BAIK,276
1364,HUKUM KELUARGA,S1,B,276
1365,ILMU ALQUR'AN DAN TAFSIR,S1,BAIK SEKALI,276
1366,ILMU KEPERAWATAN,S1,BAIK SEKALI,276
1367,KOMUNIKASI DAN PENYIARAN ISLAM,S1,B,276
1368,MANAJEMEN PENDIDIKAN ISLAM,S1,UNGGUL,276
1369,KEGURUAN OLAHRAGA,S2,BAIK SEKALI,277
1370,PENDIDIKAN EKONOMI,S2,BAIK SEKALI,277
1371,AKUNTANSI,S1,BAIK SEKALI,277
1372,BIMBINGAN DAN KONSELING,S1,BAIK SEKALI,277
1373,MANAJEMEN,S1,B,277
1374,PENDIDIKAN BAHASA DAN SASTRA INDONESIA,S1,B,277
1375,PENDIDIKAN BAHASA INGGRIS,S1,B,277
1376,PENDIDIKAN BIOLOGI,S1,B,277
1377,PENDIDIKAN EKONOMI,S1,BAIK SEKALI,277
1378,PENDIDIKAN GURU PENDIDIKAN ANAK USIA DINI,S1,UNGGUL,277
1379,ADMINISTRASI PUBLIK,S1,B,278
1380,AGRIBISNIS,S1,BAIK,278
1381,AGROTEKNOLOGI,S1,BAIK,278
1382,AKUNTANSI,S1,BAIK SEKALI,278
1383,BAHASA INGGRIS,S1,B,278
1384,BISNIS DIGITAL,S1,BAIK,278
1385,HUKUM,S1,B,278
1386,INFORMATIKA,S1,BAIK,278
1387,MANAJEMEN,S1,BAIK SEKALI,278
1388,PENDIDIKAN GURU SEKOLAH DASAR,S1,BAIK SEKALI,278
1389,ADMINISTRASI BISNIS,S1,B,279
1390,ADMINISTRASI PUBLIK,S1,BAIK,279
1391,AKUNTANSI,S1,BAIK,279
1392,HUKUM,S1,BAIK,279
1393,MANAJEMEN,S1,BAIK,279
1394,PENDIDIKAN MATEMATIKA,S1,BAIK,279
1395,TEKNIK ELEKTRO,S1,BAIK,279
1396,TEKNIK MESIN,S1,BAIK,279
1397,KESEHATAN MASYARAKAT,S2,BAIK,280
1398,MANAJEMEN PENDIDIKAN ISLAM,S2,BAIK SEKALI,280
1399,HUKUM KELUARGA,S1,BAIK,280
1400,ILMU ADMINISTRASI NIAGA,S1,B,280
1401,ILMU KEPERAWATAN,S1,BAIK SEKALI,280
1402,MATEMATIKA,S1,BAIK,280
1403,PENDIDIKAN AGAMA ISLAM,S1,UNGGUL,280
1404,PENDIDIKAN BAHASA INGGRIS,S1,BAIK SEKALI,280
1405,PENDIDIKAN GURU MADRASAH IBTIDAIYAH,S1,UNGGUL,280
1406,PENDIDIKAN MATEMATIKA,S1,BAIK SEKALI,280
1407,MANAJEMEN,S2,-,281
1408,PENDIDIKAN BAHASA INGGRIS,S2,BAIK,281
1409,PENDIDIKAN DASAR,S2,BAIK,281
1410,PENDIDIKAN JASMANI,S2,BAIK SEKALI,281
1411,TEKNOLOGI PENDIDIKAN,S2,UNGGUL,281
1412,AKUNTANSI,S1,A,281
1413,BIMBINGAN DAN KONSELING,S1,A,281
1414,BIOLOGI,S1,B,281
1415,FARMASI,S1,BAIK,281
1416,KEBIDANAN,S1,BAIK,281
1417,TEKNOLOGI PEMBELAJARAN,S2,B,282
1418,BIMBINGAN DAN KONSELING,S1,B,282
1419,BIOLOGI,S1,BAIK,282
1420,MANAJEMEN,S1,BAIK SEKALI,282
1421,PENDIDIKAN BIOLOGI,S1,B,282
1422,PENDIDIKAN EKONOMI,S1,BAIK SEKALI,282
1423,PENDIDIKAN GURU PENDIDIKAN ANAK USIA DINI,S1,B,282
1424,PENDIDIKAN LUAR BIASA,S1,B,282
1425,PENDIDIKAN MATEMATIKA,S1,BAIK SEKALI,282
1426,PENDIDIKAN PANCASILA DAN KEWARGANEGARAAN,S1,BAIK SEKALI,282
1427,BIMBINGAN DAN KONSELING,S1,BAIK SEKALI,283
1428,BIOLOGI,S1,B,283
1429,KIMIA,S1,BAIK,283
1430,PENDIDIKAN BAHASA INGGRIS,S1,BAIK SEKALI,283
1431,"PENDIDIKAN JASMANI, KESEHATAN DAN REKREAS",S1,BAIK SEKALI,283
1432,PENDIDIKAN MATEMATIKA,S1,BAIK SEKALI,283
1433,PENDIDIKAN PANCASILA DAN KEWARGANEGARAAN,S1,BAIK SEKALI,283
1434,PENDIDIKAN SEJARAH,S1,BAIK SEKALI,283
1435,TEKNIK ELEKTRO,S1,BAIK,283
1436,TEKNIK MESIN,S1,BAIK SEKALI,283
1437,PENDIDIKAN BAHASA INGGRIS,S2,BAIK SEKALI,284
1438,INFORMATIKA,S1,-,284
1439,PENDIDIKAN BAHASA INGGRIS,S1,B,284
1440,PENDIDIKAN GURU SEKOLAH DASAR,S1,BAIK SEKALI,284
1441,PENDIDIKAN MATEMATIKA,S1,BAIK,284
1442,PENDIDIKAN SEJARAH,S1,B,284
1443,SISTEM INFORMASI,S1,-,284
1444,STATISTIKA,S1,-,284
1445,PENDIDIKAN BAHASA INDONESIA,S2,BAIK,285
1446,PENDIDIKAN EKONOMI,S2,-,285
1447,PENDIDIKAN MATEMATIKA,S2,BAIK,285
1448,BISNIS DIGITAL,S1,BAIK,285
1449,DESAIN KOMUNIKASI VISUAL,S1,BAIK,285
1450,INFORMATIKA,S1,BAIK,285
1451,PENDIDIKAN BAHASA INDONESIA,S1,B,285
1452,PENDIDIKAN BAHASA INGGRIS,S1,B,285
1453,PENDIDIKAN EKONOMI,S1,BAIK,285
1454,PENDIDIKAN JASMANI,S1,B,285
1455,MANAJEMEN,S2,BAIK SEKALI,286
1456,PENDIDIKAN BAHASA INGGRIS,S2,BAIK,286
1457,PENDIDIKAN ILMU PENGETAHUAN SOSIAL,S2,BAIK SEKALI,286
1458,PENDIDIKAN MATEMATIKA,S2,-,286
1459,AKUNTANSI,S1,B,286
1460,BIMBINGAN DAN KONSELING,S1,BAIK SEKALI,286
1461,ILMU HUKUM,S1,B,286
1462,MANAJEMEN,S1,B,286
1463,PENDIDIKAN BAHASA DAN SASTRA INDONESIA,S1,BAIK SEKALI,286
1464,PENDIDIKAN BAHASA INGGRIS,S1,B,286
1465,PENDIDIKAN BAHASA DAN SASTRA INDONESIA,S2,BAIK SEKALI,287
1466,PENDIDIKAN DASAR,S2,BAIK,287
1467,PENDIDIKAN ILMU PENGETAHUAN SOSIAL,S2,UNGGUL,287
1468,AKUNTANSI,S1,BAIK SEKALI,287
1469,BIMBINGAN DAN KONSELING,S1,BAIK SEKALI,287
1470,FARMASI,S1,BAIK SEKALI,287
1471,HUKUM,S1,BAIK,287
1472,ILMU KEOLAHRAGAAN,S1,BAIK,287
1473,MANAJEMEN,S1,BAIK SEKALI,287
1474,PENDIDIKAN AKUNTANSI,S1,B,287
1475,PENDIDIKAN BIOLOGI,S2,BAIK SEKALI,288
1476,PENDIDIKAN DASAR,S2,BAIK SEKALI,288
1477,PENDIDIKAN DASAR,S2,BAIK,288
1478,BIOLOGI,S1,BAIK SEKALI,288
1479,ILMU KELAUTAN,S1,B,288
1480,ILMU KOMUNIKASI,S1,BAIK,288
1481,ILMU PERIKANAN,S1,B,288
1482,ILMU POLITIK,S1,BAIK,288
1483,MATEMATIKA,S1,BAIK,288
1484,PENDIDIKAN BAHASA DAN SASTRA INDONESIA,S1,BAIK SEKALI,288
1485,PENDIDIKAN EKONOMI,S2,BAIK,289
1486,EKONOMI SYARIAH,S1,-,289
1487,ILMU KOMPUTER,S1,BAIK,289
1488,MANAJEMEN BISNIS SYARIAH,S1,-,289
1489,PENDIDIKAN AGAMA ISLAM,S1,B,289
1490,PENDIDIKAN BAHASA DAN SASTRA INDONESIA,S1,B,289
1491,PENDIDIKAN BAHASA INGGRIS,S1,B,289
1492,PENDIDIKAN EKONOMI,S1,B,289
1493,PENDIDIKAN GURU MADRASAH IBTIDAIYAH,S1,BAIK,289
1494,PENDIDIKAN MATEMATIKA,S1,B,289
1495,PENDIDIKAN AGAMA ISLAM,S2,B,290
1496,EKONOMI SYARIAH,S1,BAIK,290
1497,HUKUM KELUARGA ISLAM,S1,BAIK,290
1498,MANAJEMEN PENDIDIKAN ISLAM,S1,B,290
1499,PENDIDIKAN AGAMA ISLAM,S1,B,290
1500,PENDIDIKAN BAHASA INGGRIS,S1,BAIK SEKALI,290
1501,PENDIDIKAN MATEMATIKA,S1,BAIK SEKALI,290
1502,PERBANKAN SYARIAH,S1,BAIK,290
1503,TEKNIK ELEKTRO,S1,BAIK,290
1504,TEKNIK INDUSTRI,S1,BAIK,290
1505,AGROTEKNOLOGI,S1,BAIK,291
1506,ILMU ADMINISTRASI NEGARA,S1,BAIK,291
1507,ILMU HUKUM,S1,BAIK,291
1508,MANAJEMEN,S1,B,291
1509,TEKNIK MESIN,S1,BAIK,291
1510,TEKNIK SIPIL,S1,BAIK,291
1511,KESEHATAN MASYARAKAT,S3,-,292
1512,KEPERAWATAN,S2,-,292
1513,KESEHATAN MASYARAKAT,S2,-,292
1514,ADMINISTRASI RUMAH SAKIT,S1,-,292
1515,BISNIS DIGITAL,S1,-,292
1516,FARMASI,S1,-,292
1517,KEBIDANAN,S1,-,292
1518,KEPERAWATAN,S1,-,292
1519,KESEHATAN MASYARAKAT,S1,-,292
1520,MANAJEMEN RITEL,S1,-,292
1521,AGROTEKNOLOGI,S1,BAIK,293
1522,ILMU HUKUM,S1,B,293
1523,KEWIRAUSAHAAN,S1,BAIK,293
1524,TEKNIK KIMIA,S1,BAIK,293
1525,TEKNIK SIPIL,S1,BAIK,293
1526,HUKUM,S2,B,294
1527,HUKUM KELUARGA ISLAM,S2,BAIK,294
1528,PENDIDIKAN AGAMA ISLAM,S2,B,294
1529,ADMINISTRASI PUBLIK,S1,BAIK,294
1530,EKONOMI SYARIAH,S1,B,294
1531,HUKUM,S1,B,294
1532,HUKUM KELUARGA ISLAM,S1,B,294
1533,MANAJEMEN,S1,BAIK SEKALI,294
1534,PENDIDIKAN AGAMA ISLAM,S1,BAIK SEKALI,294
1535,PENDIDIKAN GURU MADRASAH IBTIDAIYAH,S1,UNGGUL,294
1536,PSIKOLOGI,S3,BAIK,295
1537,AKUNTANSI,S2,UNGGUL,295
1538,BIOTEKNOLOGI,S2,UNGGUL,295
1539,FARMASI,S2,UNGGUL,295
1540,ILMU HUKUM,S2,B,295
1541,INFORMATIKA,S2,BAIK,295
1542,KENOTARIATAN,S2,BAIK SEKALI,295
1543,MANAJEMEN,S2,UNGGUL,295
1544,PSIKOLOGI,S2,BAIK,295
1545,PSIKOLOGI PROFESI,S2,A,295
1546,MANAJEMEN,S2,BAIK,296
1547,AKUNTANSI,S1,BAIK,296
1548,ILMU ADMINISTRASI NEGARA,S1,BAIK,296
1549,ILMU HUKUM,S1,BAIK,296
1550,MANAJEMEN,S1,BAIK,296
1551,TEKNIK ELEKTRO,S1,BAIK,296
1552,ADMINISTRASI PUBLIK,S2,BAIK SEKALI,297
1553,EKONOMI PERTANIAN,S2,B,297
1554,ADMINISTRASI PUBLIK,S1,B,297
1555,AGRIBISNIS,S1,UNGGUL,297
1556,AGROTEKNOLOGI,S1,A,297
1557,AKUNTANSI,S1,B,297
1558,ARSITEKTUR LANSKAP,S1,B,297
1559,ILMU KOMUNIKASI,S1,B,297
1560,KEPERAWATAN,S1,BAIK SEKALI,297
1561,MANAJEMEN,S1,BAIK SEKALI,297
1562,ADMINISTRASI PUBLIK,S1,B,298
1563,AGRIBISNIS,S1,B,298
1564,AKUNTANSI,S1,BAIK SEKALI,298
1565,HUKUM,S1,B,298
1566,MANAJEMEN,S1,BAIK SEKALI,298
1567,TEKNIK ELEKTRO,S1,BAIK,298
1568,TEKNIK SIPIL,S1,BAIK,298
1569,KEBIDANAN,D3,BAIK SEKALI,298
1570,ADMINISTRASI BISNIS,S1,BAIK,299
1571,ADMINISTRASI PUBLIK,S1,B,299
1572,AKUNTANSI,S1,B,299
1573,MANAJEMEN,S1,B,299
1574,PENDIDIKAN GURU SEKOLAH DASAR,S1,B,299
1575,TEKNIK INDUSTRI,S1,C,299
1576,TEKNIK KIMIA,S1,BAIK,299
1577,AGRIBISNIS,S1,BAIK,300
1578,AGROTEKNOLOGI,S1,BAIK,300
1579,AKUNTANSI,S1,BAIK,300
1580,HUKUM KELUARGA ISLAM,S1,BAIK,300
1581,MANAJEMEN,S1,BAIK,300
1582,PENDIDIKAN BAHASA INGGRIS,S1,BAIK,300
1583,PENDIDIKAN GURU PENDIDIKAN ANAK USIA DINI,S1,BAIK,300
1584,PENDIDIKAN KIMIA,S1,BAIK,300
1585,PENDIDIKAN MATEMATIKA,S1,BAIK,300
1586,TEKNIK INDUSTRI,S1,BAIK,300
1587,ILMU HUKUM,S2,B,301
1588,MANAJEMEN,S2,B,301
1589,AGRIBISNIS,S1,B,301
1590,AGROTEKNOLOGI,S1,B,301
1591,AKUNTANSI,S1,A,301
1592,BISNIS DIGITAL,S1,BAIK,301
1593,ILMU HUKUM,S1,B,301
1594,MANAJEMEN,S1,B,301
1595,TEKNIK ELEKTRO,S1,B,301
1596,TEKNIK INDUSTRI,S1,BAIK,301
1597,AKUNTANSI,S1,BAIK,302
1598,ARSITEKTUR,S1,B,302
1599,MANAJEMEN,S1,B,302
1600,PENDIDIKAN BAHASA MANDARIN,S1,BAIK,302
1601,SASTRA INGGRIS,S1,B,302
1602,TEKNIK ELEKTRO,S1,BAIK,302
1603,TEKNIK INFORMATIKA,S1,BAIK,302
1604,TEKNIK SIPIL,S1,C,302
1605,AGRIBISNIS,S2,BAIK SEKALI,303
1606,AKUNTANSI,S2,BAIK,303
1607,HUKUM,S2,B,303
1608,ILMU POLITIK,S2,B,303
1609,MANAJEMEN,S2,BAIK,303
1610,AGRIBISNIS,S1,UNGGUL,303
1611,AGROTEKNOLOGI,S1,A,303
1612,AKUNTANSI,S1,B,303
1613,EKONOMI PEMBANGUNAN,S1,B,303
1614,HUKUM,S1,A,303
1615,ILMU ADMINISTRASI PUBLIK,S2,B,304
1616,ILMU HUKUM,S2,B,304
1617,MANAJEMEN,S2,B,304
1618,AGRIBISNIS,S1,B,304
1619,AKUNTANSI,S1,B,304
1620,EKONOMI PEMBANGUNAN,S1,BAIK SEKALI,304
1621,ILMU ADMINISTRASI NEGARA,S1,A,304
1622,ILMU HUKUM,S1,B,304
1623,MANAJEMEN,S1,B,304
1624,PSIKOLOGI,S1,BAIK,304
1625,HUKUM,S2,B,305
1626,ADMINISTRASI PUBLIK,S1,B,305
1627,AGRIBISNIS,S1,B,305
1628,AKUNTANSI,S1,B,305
1629,BISNIS DIGITAL,S1,BAIK,305
1630,DESAIN KOMUNIKASI VISUAL,S1,BAIK,305
1631,HUKUM,S1,A,305
1632,INFORMATIKA,S1,BAIK,305
1633,INFORMATIKA,S1,BAIK,305
1634,KEBIDANAN,S1,BAIK SEKALI,305
1635,ILMU HUKUM,S2,B,306
1636,MANAJEMEN,S2,BAIK SEKALI,306
1637,PENDIDIKAN MATEMATIKA,S2,BAIK,306
1638,AGRIBISNIS,S1,BAIK,306
1639,AGROTEKNOLOGI,S1,B,306
1640,AKUNTANSI,S1,B,306
1641,ILMU HUKUM,S1,B,306
1642,MANAJEMEN,S1,BAIK SEKALI,306
1643,PENDIDIKAN BAHASA DAN SASTRA INDONESIA,S1,BAIK SEKALI,306
1644,PENDIDIKAN MATEMATIKA,S1,B,306
1645,HUKUM,S1,BAIK,307
1646,INFORMATIKA,S1,BAIK,307
1647,MANAJEMEN,S1,BAIK SEKALI,307
1648,TEKNIK INDUSTRI,S1,BAIK,307
1649,TEKNIK SIPIL,S1,BAIK,307
1650,PENDIDIKAN AGAMA ISLAM,S2,BAIK SEKALI,308
1651,ADMINISTRASI BISNIS,S1,B,308
1652,ADMINISTRASI PUBLIK,S1,B,308
1653,AGRIBISNIS,S1,B,308
1654,EKONOMI SYARI`AH,S1,B,308
1655,ILMU AL QURAN DAN TAFSIR,S1,BAIK,308
1656,ILMU DAN TEKNOLOGI PANGAN,S1,B,308
1657,ILMU KOMUNIKASI,S1,B,308
1658,PENDIDIKAN AGAMA ISLAM,S1,B,308
1659,PENDIDIKAN BAHASA ARAB,S1,B,308
1660,BUSINESS,S1,-,309
1661,COMPUTER SCIENCE,S1,-,309
1662,DATA SCIENCE,S1,-,309
1663,ENGINEERING SCIENCE,S1,-,309
1664,INFORMATION AND COMMUNICATIONS TECHNOLOGY,S1,-,309
