faculty,prodi,quipper_institution_code
Fakultas Kedokteran dan Ilmu Kesehatan,Pendidikan Dokter,1
Fakultas Kedokteran dan Ilmu Kesehatan,Ilmu Keperawatan,1
Fakultas Kedokteran dan Ilmu Kesehatan,Lainnya,1
Fakultas Ekonomi dan Bisnis,Akuntansi,1
Fakultas Ekonomi dan Bisnis,Manajemen,1
Fakultas Psikologi,Psikologi,1
Fakultas Ilmu Sosial dan Humaniora,Sastra Inggris,1
Fakultas Teknik dan Ilmu Komputer,Teknik Elektro,1
Fakultas Teknik dan Ilmu Komputer,Teknik Industri,1
Fakultas Teknik dan Ilmu Komputer,Teknik Sipil,1
Fakultas Teknik dan Ilmu Komputer,Teknik Informatika,1
Fakultas Teknik dan Ilmu Komputer,Sistem Informasi,1
Event Management,Event Management,2
Culinary Arts,Seni Kuliner,2
Hotel Management,Manajemen Perhotelan,2
"School of Applied STEM (Science, Technology, Engineering, and Mathematics)",Business Mathematics,3
"School of Applied STEM (Science, Technology, Engineering, and Mathematics)",Computer Systems Engineering,3
"School of Applied STEM (Science, Technology, Engineering, and Mathematics)",Digital Business Technology,3
"School of Applied STEM (Science, Technology, Engineering, and Mathematics)",Food Business Technology,3
"School of Applied STEM (Science, Technology, Engineering, and Mathematics)",Product Design Engineering,3
"School of Applied STEM (Science, Technology, Engineering, and Mathematics)",Renewable Energy Engineering,3
School of Business and Economics,Accounting,3
School of Business and Economics,Branding,3
School of Business and Economics,Business,3
School of Business and Economics,Business Economics,3
School of Business and Economics,Event,3
School of Business and Economics,Finance and Banking,3
School of Business and Economics,Financial Technology,3
School of Business and Economics,International Business Law,3
School of Business and Economics,Hospitality Business,3
Ekonomi,Manajemen,4
Ekonomi,Akuntansi,4
Ekonomi,Bisnis,4
Fakultas Teknologi Industri,Sistem Informasi,5
Fakultas Teknologi Industri,Teknik Industri,5
Fakultas Teknologi Industri,Informatika,5
Fakultas Teknik,Teknik Sipil,5
Fakultas Teknik,Arsitektur,5
Fakultas Hukum,Hukum,5
Fakultas Teknobiologi,Biologi,5
Fakultas Bisnis dan Ekonomika,Akuntansi,5
Fakultas Bisnis dan Ekonomika,Manajemen,5
Fakultas Bisnis dan Ekonomika,Ekonomi Pembangunan,5
Fakultas Ilmu Sosial dan Politik,Sosiologi,5
Fakultas Ilmu Sosial dan Politik,Ilmu Komunikasi,5
Program Internasional,International Industrial Engineering Program,5
Program Internasional,International Civil Engineering Program,5
Program Internasional,International Undergraduate Program in Business Accounting,5
Program Internasional,International Business Management Program,5
Program Internasional,International Communication Program.,5
Fakultas Keguruan dan Ilmu Pendidikan,Pendidikan Guru SD,6
Fakultas Keguruan dan Ilmu Pendidikan,Pendidikan Bahasa Inggris,6
Fakultas Ilmu Komunikasi,Marketing Communication,6
Fakultas Ilmu Komunikasi,Jurnalistik,6
Fakultas Ilmu Komunikasi,Humas,6
Fakultas Ilmu Komunikasi,Broadcasting,6
Fakultas Ilmu Komputer,Sistem Informasi,6
Fakultas Ilmu Komputer,Teknik Informatika,6
Fakultas Teknik,Teknik Industri,6
Fakultas Teknik,Perencanaan Wilayah dan Kota,6
Fakultas Teknik,Survei dan Pemetaan,6
Fakultas Fisioterapi,Fisioterapi,6
Fakultas Desain dan Industri Kreatif,Desain Komunikasi Visual,6
Fakultas Desain dan Industri Kreatif,Desain Produk,6
Fakultas Desain dan Industri Kreatif,Desain Interior,6
Fakultas Desain dan Industri Kreatif,,6
Fakultas Ekonomi dan Bisnis,Akuntansi Sektor Bisnis,6
Fakultas Ekonomi dan Bisnis,Manajemen Bisnis,6
Fakultas Psikologi,Psikologi,6
Fakultas Hukum,Ilmu Hukum,6
Fakultas Ilmu-Ilmu Kesehatan,Kesehatan Masyarakat,6
Fakultas Ilmu-Ilmu Kesehatan,Ilmu Gizi,6
Fakultas Ilmu-Ilmu Kesehatan,Rekam Medik & Informasi Kesehatan,6
Fakultas Ilmu-Ilmu Kesehatan,Keperawatan,6
Fakultas Ilmu-Ilmu Kesehatan,Manajemen Informasi Kesehatan,6
Fakultas Ilmu-Ilmu Kesehatan,Bioteknologi,6
Fakultas Ilmu-Ilmu Kesehatan,Farmasi,6
Pascasarjana,Ilmu Komputer,6
Pascasarjana,Manajemen,6
Pascasarjana,Akuntansi,6
Pascasarjana,Ilmu Administrasi,6
Pascasarjana,Ilmu Hukum,6
Pascasarjana,Ilmu Komunikasi,6
Sarjana,Teologi,7
Magister,Teologi,7
Magister,Ministri,7
Magister,Divinitas,7
Fakultas Ilmu Pangan Halal,Teknologi Pangan dan Gizi,9
Fakultas Ilmu Pangan Halal,Teknologi Industri Pertanian,9
Fakultas Pertanian,Akuakultur,9
Fakultas Pertanian,Peternakan,9
Fakultas Pertanian,Agribisnis,9
Fakultas Pertanian,Agroteknologi,9
Fakultas Ekonomi,Manajemen,9
Fakultas Ekonomi,Akuntansi,9
Fakultas Agama Islam dan Pendidikan Guru,Perbankan Syariah,9
Fakultas Agama Islam dan Pendidikan Guru,Ekonomi Syariah,9
Fakultas Agama Islam dan Pendidikan Guru,Manajemen Pendidikan Islam,9
Fakultas Agama Islam dan Pendidikan Guru,Pendidikan Guru Sekolah Dasar,9
Fakultas Agama Islam dan Pendidikan Guru,Pendidikan Bahasa Arab,9
Fakultas Hukum,Hukum,9
"Fakultas Ilmu Sosial, Ilmu Politik dan Ilmu Komputer",Sains Komunikasi,9
"Fakultas Ilmu Sosial, Ilmu Politik dan Ilmu Komputer",Administrasi Publik,9
"Fakultas Ilmu Sosial, Ilmu Politik dan Ilmu Komputer",Ilmu Komputer,9
Pascasarjana,Magister Hukum,9
Pascasarjana,Magister Teknologi Pangan,9
Pascasarjana,Magister Administrasi Publik,9
Profesi,Bidan,10
Sarjana,Farmasi,10
Sarjana,Kebidanan,10
Diploma,Manajemen Pemasaran,11
Sarjana,Manajemen,11
Fakultas Teknologi dan Desain,Teknik Informatika,12
Fakultas Teknologi dan Desain,Sistem Informasi,12
Fakultas Teknologi dan Desain,Teknik Industri,12
Fakultas Teknologi dan Desain,Desain Komunikasi Visual (DKV),12
Fakultas Teknologi dan Desain,Bisnis Digital,12
Fakultas Teknologi dan Desain,Data Science,12
Fakultas Ilmu Sosial dan Humaniora,Akuntansi,12
Fakultas Ilmu Sosial dan Humaniora,Manajemen,12
Fakultas Ilmu Sosial dan Humaniora,Sastra & Bahasa Asing,12
Fakultas Ilmu Sosial dan Humaniora,Sastra Inggris,12
Fakultas Ilmu Sosial dan Humaniora,Ilmu Komunikasi,12
Fakultas Ilmu Sosial dan Humaniora,Psikologi,12
Fakultas Ilmu Sosial dan Humaniora,Pariwisata,12
Akademi Pariwisata,Perhotelan,12
Bunda Mulia Long Distance Learning (BMLD),Akuntansi (Pembelajaran Jarak Jauh),12
Bunda Mulia Long Distance Learning (BMLD),Manajemen (Pembelajaran Jarak Jauh),12
Fakultas Keguruan dan Ilmu Pendidikan,Pendidikan Masyarakat,13
Fakultas Keguruan dan Ilmu Pendidikan,Pendidikan Bahasa Inggris,13
Fakultas Keguruan dan Ilmu Pendidikan,Teknologi Pendidikan,13
Fakultas Keguruan dan Ilmu Pendidikan,Pendidikan Vokasional Desain Fashion,13
Fakultas Teknik dan Sains,Teknik Informatika,13
Fakultas Teknik dan Sains,Teknik  Sipil,13
Fakultas Teknik dan Sains,Teknik Mesin,13
Fakultas Teknik dan Sains,Teknik Elektro,13
Fakultas Hukum,Ilmu Hukum,13
Fakultas Ilmu Kesehatan,Kesehatan Masyarakat,13
Fakultas Ekonomi dan Bisnis,Manajemen,13
Fakultas Ekonomi dan Bisnis,Akuntansi,13
Fakultas Ekonomi dan Bisnis,Keuangan Perbankan,13
Fakultas Ekonomi dan Bisnis,Ekonomi Syariah,13
Fakultas Agama Islam,Komunikasi dan Penyiaran Islam,13
Fakultas Agama Islam,Hukum Keluarga Islam,13
Fakultas Agama Islam,Pendidikan Agama Islam,13
Fakultas Agama Islam,Ekonomi Syariah,13
Fakultas Agama Islam,Pendidikan Guru Madrasah Ibtidaiyah,13
Fakultas Agama Islam,Bimbingan dan Konseling Pendidikan Islam,13
Fakultas Teknologi Informasi,Sistem Informasi,15
Fakultas Teknologi Informasi,Teknik Informatika,15
Fakultas Teknologi Informasi,Ilmu Komputer,15
Fakultas Ekonomi dan Bisnis,Manajemen,15
Fakultas Ekonomi dan Bisnis,Bisnis Digital,15
Fakultas Ekonomi dan Bisnis,Perhotelan,15
Fakultas Ekonomi dan Bisnis,Manajemen,16
Fakultas Ekonomi dan Bisnis,Akuntansi,16
Fakultas Sains dan Teknologi,Teknik Informatika,16
Fakultas Sains dan Teknologi,Teknik Mesin,16
Fakultas Sains dan Teknologi,Teknik Industri,16
Fakultas Sains dan Teknologi,Matematika,16
Fakultas Sains dan Teknologi,Biologi,16
Fakultas Keguruan dan Ilmu Pendidikan,Pendidikan Bahasa Inggris,16
Fakultas Keguruan dan Ilmu Pendidikan,Bimbingan dan Konseling,16
Fakultas Keguruan dan Ilmu Pendidikan,Teknologi Pendidikan (B),16
Fakultas Hukum,Hukum,16
Fakultas Agama Islam,Perbankan Syariah,16
Fakultas Agama Islam,Komunikasi Penyiaran Islam,16
Fakultas Agama Islam,Pendidikan Agama Islam,16
Fakultas Agama Islam,Ilmu Dakwah,16
Fakultas Ilmu Kesehatan,Keperawatan,16
Sarjana,Manajemen,17
Sarjana,Akuntansi,17
Magister,Manajemen,17
Diploma,Akuntansi,17
Kesehatan Lingkungan,Kesehatan Lingkungan,18
Kebidanan,Kebidanan,18
Teknik Radiodiagnostik dan Radioterapi,Radiologi,18
Gizi,Gizi,18
Keperawatan,Ilmu Keperawatan,18
Rekam Medis dan Informasi Kesehatan,Rekam Medis,18
Kesehatan Gigi,Ilmu Keperawatan,18
Kesehatan Gigi,Pendidikan Dokter Gigi,18
Analis Kesehatan,Analis Kesehatan,18
Informatika,Manajemen Informatika,19
Informatika,Teknik Informatika,19
Informatika,Sistem Informasi,19
Informatika,Rekayasa Perangkat Lunak,19
Bisnis,Akuntansi,19
Bisnis,Manajemen Administrasi,19
Bisnis,Sekretari,19
Bisnis,Manajemen,19
Pertanian dan Peternakan,Penyuluhan Pertanian Berkelanjutan,20
Pertanian dan Peternakan,Agribisnis Hortikultura,20
Pertanian dan Peternakan,Teknologi Mekanisasi Pertanian,20
Pertanian dan Peternakan,Penyuluhan Peternakan dan Kesejahteraan Hewan,20
Pertanian dan Peternakan,Kesehatan Hewan,20
Fakultas Hukum,Ilmu Hukum,21
Fakultas Ekonomi,Manajemen,21
Fakultas Ekonomi,Akuntansi,21
Program Pascasarjana,Manajemen,21
Fakultas Teknologi Kedirgantaraan,Teknik Aeronautika,21
Fakultas Teknologi Kedirgantaraan,Teknik Penerbangan,21
Fakultas Teknologi Industri,Sistem Informasi,21
Fakultas Teknologi Industri,Manajemen Informatika,21
Fakultas Teknologi Industri,Teknik Industri,21
Fakultas Teknologi Industri,Teknik Elektro,21
Perhotelan,Pengelolaan Perhotelan,23
Pariwisata,Pariwisata,23
Pariwisata,Usaha Perjalanan Wisata,23
Pascasarjana,Pariwisata,23
Fakultas Ekonomi,Manajemen,24
Fakultas Ekonomi,Akuntansi,24
Fakultas Hukum,Ilmu Hukum,24
Fakultas Teknik,Akunpunktur dan Pengobatan Herbal,24
Fakultas Teknik,Teknik Industri,24
Fakultas Teknik,Informatika,24
Fakultas Teknik,Arsitektur,24
Fakultas Bahasa dan Sastra,Sastra & Bahasa Asing,25
Fakultas Bahasa dan Sastra,Sastra Indonesia,25
Fakultas Bahasa dan Sastra,Sastra Inggris,25
Fakultas Hukum,Ilmu Hukum,25
Fakultas Ilmu Kesehatan,Kebidanan,25
Fakultas Ilmu Kesehatan,Ilmu Keperawatan,25
Fakultas Teknologi Komunikasi dan Informatika,Teknik Informatika,25
Fakultas Teknologi Komunikasi dan Informatika,Sistem Informasi,25
Fakultas Pertanian,Agroteknologi,25
Fakultas Biologi,Biologi,25
Fakultas Ekonomi dan Bisnis,Perhotelan,25
Fakultas Ekonomi dan Bisnis,Manajemen,25
Fakultas Ekonomi dan Bisnis,Akuntansi,25
Fakultas Ekonomi dan Bisnis,Pariwisata,25
Fakultas Teknik dan Sains,Ilmu Teknik,25
Fakultas Teknik dan Sains,Teknik Elektro,25
Fakultas Teknik dan Sains,Teknik Mesin,25
Fakultas Teknik dan Sains,Fisika,25
Fakultas Sekolah Pascasarjana,Biologi,25
Fakultas Sekolah Pascasarjana,Ilmu Politik,25
Fakultas Sekolah Pascasarjana,Manajemen,25
Fakultas Sekolah Pascasarjana,Ilmu Administrasi,25
Fakultas Sekolah Pascasarjana,Ilmu Hukum,25
Fakultas Ilmu Sosial Ilmu Politik,Hubungan Internasional,25
Fakultas Ilmu Sosial Ilmu Politik,Ilmu Politik,25
Fakultas Ilmu Sosial Ilmu Politik,Sosiologi,25
Fakultas Ilmu Sosial Ilmu Politik,Ilmu Komunikasi,25
Fakultas Ilmu Sosial Ilmu Politik,Administrasi Negara (Publik),25
Diploma,Keperawatan,26
Profesi,Ners,26
Sarjana,Ilmu Keperawatan,26
Sarjana,Kesehatan Masyarakat,26
Profesi,Ners,27
Diploma,Kebidanan,27
Diploma,Keperawatan,27
Sarjana,Ilmu Keperawatan,27
Perkeretaapian,Teknologi Bangunan dan Jalur Perkeretaapian,28
Perkeretaapian,Teknologi Elektro Perkeretaapian,28
Perkeretaapian,Manajemen Transportasi Perkeretaapian,28
Perkeretaapian,Teknologi Mekanika Perkeretaapian,28
Teknologi dan Manajemen Kesehatan,Teknologi Laboratorium Medis,29
Teknologi dan Manajemen Kesehatan,Rekam Medis dan Informasi Kesehatan,29
Teknologi dan Manajemen Kesehatan,Administrasi Rumah Sakit,29
Teknologi dan Manajemen Kesehatan,Kesehatan Masyarakat,29
Kedokteran Gigi,Teknik Gigi,29
Kedokteran Gigi,Kedokteran Gigi,29
Farmasi,Farmasi,29
Farmasi,Analisis Farmasi dan Makanan,29
Kesehatan,Kebidanan,29
Kesehatan,Fisioterapi,29
Kesehatan,Pengobatan Tradisional Tiongkok,29
Kesehatan,Keperawatan,29
Kesehatan,Psikologi,29
Kesehatan,Gizi,29
Fakultas Matematika & Ilmu Pengetahuan Alam,Biologi,30
Fakultas Matematika & Ilmu Pengetahuan Alam,Farmasi,30
Fakultas Keguruan dan Ilmu Pendidikan,Pendidikan Matematika,30
Fakultas Keguruan dan Ilmu Pendidikan,Pendidikan Bahasa Inggris,30
Fakultas Ekonomi,Akuntansi,30
Fakultas Ekonomi,Manajemen,30
Fakultas Ekonomi,Sekretari,30
Fakultas Filsafat,Ilmu Filsafat,30
Fakultas Ilmu Keperawatan,Profesi Ners,30
Fakultas Ilmu Keperawatan,Ilmu Keperawatan,30
Fakultas Ilmu Keperawatan,Keperawatan Umum,30
Fakultas Teknologi Informasi,Teknik Informatika,30
Fakultas Teknologi Informasi,Sistem Informasi,30
Pascasarjana,Ilmu Filsafat,30
Pascasarjana,Manajemen,30
Keguruan dan Ilmu Pendidikan,Pendidikan Ekonomi,31
Keguruan dan Ilmu Pendidikan,Pendidikan Matematika,31
Keguruan dan Ilmu Pendidikan,Pendidikan Guru Sekolah Dasar,31
Pascasarjana,Ilmu Hukum,31
Pascasarjana,Ilmu Pemerintahan,31
Pascasarjana,Manajemen,31
Pascasarjana,Teknik Informatika,31
Ekonomi dan Bisnis,Manajemen,31
Ekonomi dan Bisnis,Akuntansi,31
Hukum,Ilmu Hukum,31
Teknik,Teknik Industri,31
Teknik,Teknik Sipil,31
Teknik,Arsitektur,31
Teknik,Teknik Informatika,31
Teknik,Teknik Elektro,31
Ilmu Sosial dan Ilmu Politik,Kepolisian,31
Ilmu Sosial dan Ilmu Politik,Ilmu Pemerintahan,31
Ilmu Sosial dan Ilmu Politik,Ilmu Kesejahteraan Sosial,31
Ilmu Sosial dan Ilmu Politik,Ilmu Komunikasi,31
Fakultas Hukum,Ilmu Hukum,32
Fakultas Ilmu Sosial dan Politik,Ilmu Administrasi,32
Fakultas Ilmu Sosial dan Politik,Hubungan Internasional,32
Fakultas Ilmu Komunikasi,Lainnya,32
Fakultas Ilmu Komunikasi,Ilmu Komunikasi,32
Fakultas Teknologi Industri,Teknik Kimia,32
Fakultas Teknologi Industri,Teknik Elektro,32
Fakultas Teknologi Industri,Teknik Mesin,32
Fakultas Psikologi,Psikologi,32
Fakultas Ekonomi dan Bisnis,Manajemen,32
Fakultas Ekonomi dan Bisnis,Akuntansi,32
Fakultas Teknik Sipil dan Perencanaan,Teknik Sipil,32
Fakultas Teknik Sipil dan Perencanaan,Arsitektur,32
Pascasarjana,Ilmu Komunikasi,32
Pascasarjana,Ilmu Hukum,32
Pascasarjana,Manajemen,32
Pascasarjana,Ilmu Administrasi,32
Diploma 3,Budidaya Perkebunan Kelapa Sawit,33
Diploma 3,Teknologi Pengolahan Kelapa Sawit,33
Diploma 3,Manajemen Logistik,33
Sarjana Terapan,Teknologi Rekayasa Perangkat Lunak,33
Sarjana Terapan,Teknologi Produksi Tanaman Perkebunan,33
Administrasi Bisnis,Administrasi Bisnis,34
Ilmu Sosial dan Ilmu Politik,Administrasi Publik,36
Teknik,Teknik Elektromedis,36
Teknik,Teknik Sipil,36
Teknik,Teknik Industri,36
Pertanian,Agroteknologi,36
Pertanian,Agribisnis,36
Ilmu Kesehatan,Kebidanan,36
Ilmu Kesehatan,Keperawatan,36
Ilmu Kesehatan,Teknologi Laboratorium Medis,36
Ilmu Kesehatan,Farmasi,36
Ilmu Kesehatan,Kesehatan Masyarakat,36
Ekonomi dan Bisnis,Akuntansi Sektor Publik,36
Ekonomi dan Bisnis,Ekonomi Pembangunan,36
Ekonomi dan Bisnis,Manajemen,36
Hukum,Hukum,36
Sarjana,Administrasi Rumah Sakit,37
Diploma,Keperawatan,37
Fakultas Ekonomi dan Bisnis,Manajemen,38
Fakultas Ekonomi dan Bisnis,Akuntansi,38
Fakultas Teknik,Arsitektur,38
Fakultas Teknik,Teknik Elektro,38
Fakultas Teknik,Teknik Mesin,38
Fakultas Teknik,Teknik Sipil,38
Fakultas Ilmu Komputer,Sistem Komputer,38
Fakultas Ilmu Komputer,Sistem Informasi,38
Fakultas Ilmu Sosial dan Ilmu Politik,Ilmu Politik,38
Fakultas Ilmu Sosial dan Ilmu Politik,Ilmu Komunikasi,38
Fakultas Hukum,Ilmu Hukum,38
Fakultas Ekonomi dan Bisnis,Manajemen,40
Fakultas Ekonomi dan Bisnis,Akuntansi,40
Fakultas Ilmu Sosial dan Ilmu Politik,Hubungan Internasional,40
Fakultas Ilmu Sosial dan Ilmu Politik,Ilmu Komunikasi,40
Fakultas Teknik,Manajemen,40
Fakultas Teknik,Teknik Informatika,40
Fakultas Teknik,Teknik Lingkungan,40
Fakultas Teknik,Sistem Informasi,40
Magister,Teologi,42
Sarjana,Teologi,42
Sarjana,Pendidikan Agama Kristen,42
Doktor,Teologi,42
Transportasi Darat,Manajemen Transportasi Perkeretaapiaan,44
Transportasi Darat,Transportasi Darat,44
Transportasi Darat,Teknologi Rekayasa Otomotif,44
Transportasi Darat,Pemasaran Inovasi dan Teknologi,44
Transportasi Darat,Teknik Keselamatan dan Resiko,44
Farmasi,Farmasi,45
Syariah,Hukum Keluarga Islam,47
Syariah,Hukum Ekonomi Syariah,47
Syariah,Ilmu Falak,47
Tarbiyah dan Keguruan,Pendidikan Bahasa Arab (B),47
Tarbiyah dan Keguruan,Pendidikan Bahasa Inggris (Baik),47
Tarbiyah dan Keguruan,Pendidikan IPS (Baik Sekali),47
Tarbiyah dan Keguruan,Pendidikan IPA Biologi (Baik Sekali),47
Tarbiyah dan Keguruan,Pendidikan Fisika (Baik),47
Tarbiyah dan Keguruan,Pendidikan Kimia (Baik),47
Tarbiyah dan Keguruan,Pendidikan Matematika (B),47
Tarbiyah dan Keguruan,Pendidikan Profesi Guru (Baik),47
Dakwah dan Ilmu Komunikasi,Bimbingan Konseling Islam,47
Dakwah dan Ilmu Komunikasi,Komunikasi Penyiaran Islam,47
Dakwah dan Ilmu Komunikasi,Manajemen Dakwah,47
Dakwah dan Ilmu Komunikasi,Pengembangan Masyarakat Islam,47
Ekonomi dan Bisnis Islam,Ekonomi Syariah,47
Ekonomi dan Bisnis Islam,Pariwisata Syariah,47
Ekonomi dan Bisnis Islam,Perbankan Syariah,47
Ushuluddin dan Studi Agama,Ilmu Qur’an dan Tafsir,47
Ushuluddin dan Studi Agama,Pemikiran Politik Islam,47
Ushuluddin dan Studi Agama,Sosiologi Agama,47
Pascasarjana,Pendidikan Agama Islam,47
Pascasarjana,Hukum Keluarga Islam,47
Pascasarjana,Komunikasi dan Penyiaran Islam,47
Pascasarjana,Pendidikan Bahasa Arab,47
Pascasarjana,Manajemen Pendidikan Islam,47
Pascasarjana,Ekonomi Syariah,47
Pascasarjana,Pendidikan Agama Islam,47
Ilmu Ekonomi,Manajemen,48
Ilmu Ekonomi,Akuntansi,48
Ilmu Ekonomi,Perpajakan,48
"Sains, Teknologi, dan Industri",Sistem dan Teknologi Informasi,50
"Sains, Teknologi, dan Industri",Rekayasa Perangkat Lunak.,50
Ekonomi dan Bisnis,Ekonomi Pembangunan,50
Ekonomi dan Bisnis,Akuntansi,50
Ekonomi dan Bisnis,Manajemen,50
Teknik Elektro,Teknik Elektro,51
Teknik Elektro,Teknik Informatika,51
Teknik Manajemen Industri,Teknik Industri,51
Teknik Mesin,Teknik Mesin,51
Teknik Mesin,Sekolah Kedinasan,51
Hidrografi,Kelautan,51
Diploma,Keperawatan,52
Sarjana,Administrasi Rumah Sakit,52
Sarjana,Manajemen,53
Sarjana,Akuntansi,53
Magister,Manajemen,53
Diploma,Akuntansi,53
Diploma,Manajemen Perusahaan,53
Jurusan Teknik Manufaktur,Teknik Manufaktur,55
Sarjana,Pariwisata,56
Diploma,Perhotelan,56
Fakultas Ekonomi Digital,Akuntansi,57
Fakultas Ekonomi Digital,Keuangan Perbankan,57
Fakultas Ekonomi Digital,Manajemen,57
Fakultas Ekonomi Digital,Keuangan Syariah,57
Fakultas Teknik dan Desain,Teknologi Informasi,57
Fakultas Teknik dan Desain,Sistem Informasi,57
Fakultas Teknik dan Desain,Arsitektur,57
Fakultas Teknik dan Desain,Desain Komunikasi Visual,57
Program Sarjana,Sistem Informasi,58
Program Sarjana,Sistem Komputer,58
Program Pascasarjana,Teknologi Informasi,58
Program Diploma,Manajemen Informatika,58
Sarjana,Keperawatan,59
Sarjana,Administrasi Kesehatan,59
Sarjana,Fisioterapi,59
Profesi,Ners,59
Diploma,Keperawatan,59
Pascasarjana,Teknologi Informasi,62
Desain,Desain Produk,62
Desain,Desain Komunikasi Visual,62
Sains dan Teknologi,Sistem Informasi,62
Sains dan Teknologi,Informatika,62
Sains dan Teknologi,Teknik Elektro,62
Sains dan Teknologi,Teknik Industri,62
Sains dan Teknologi,Sistem Informasi Bisnis,62
Ilmu Ekonomi,Akuntansi,66
Ilmu Ekonomi,Manajemen,66
Sarjana,Pendidikan Teologi,69
Sarjana,Akuntansi,70
Sarjana,Manajemen,70
Profesi,Akuntansi,70
Pascasarjana,Manajemen,70
Diploma,Keperawatan,71
Diploma,Kebidanan,71
Sarjana,Keperawatan,71
Profesi,Ners,71
Profesi,Ners,72
Diploma,Keperawatan,72
Sarjana,Ilmu Keperawatan,72
Sarjana,Administrasi Rumah Sakit,72
Ilmu Kesehatan,Keperawatan,73
Ilmu Kesehatan,Kebidanan,73
Ilmu Kesehatan,Farmasi,73
Fakultas Ekonomi dan Bisnis,Manajemen,74
Fakultas Ekonomi dan Bisnis,Akuntansi,74
Fakultas Keguruan dan Ilmu Pendidikan,Pendidikan Bahasa Inggris,74
Fakultas Keguruan dan Ilmu Pendidikan,Keguruan & Pendidikan,74
Fakultas Keguruan dan Ilmu Pendidikan,Pendidikan Guru Sekolah Dasar,74
Fakultas Kesehatan,Gizi,74
Fakultas Kesehatan,Ilmu Keperawatan,74
Fakultas Kesehatan,Kesehatan Masyarakat,74
Fakultas Kesehatan,Kebidanan,74
Fakultas Komputer,Teknik Informatika,74
Fakultas Komputer,Sistem Informasi,74
Informatika & Pariwisata,Sistem Informasi,75
Informatika & Pariwisata,Teknik Informatika,75
Informatika & Pariwisata,Pariwisata,75
Vokasi,Perbankan & Keuangan,75
Vokasi,Manajemen Pemasaran,75
Vokasi,Akuntansi,75
Bisnis,Akuntansi,75
Bisnis,Manajemen,75
Bisnis,Biokewirausahaan,75
Pascasarjana,Akuntansi,75
Teknik Transportasi dan Logistik,Teknik Dirgantara,78
Teknik Transportasi dan Logistik,Teknik Kelautan,78
Teknik Transportasi dan Logistik,Rekayasa Infrastruktur dan Lingkungan,78
Pascasarjana,Manajemen,78
Pascasarjana,Manajemen Transportasi,78
Vokasi,Manajemen Transportasi Udara,78
Vokasi,Manajemen Transportasi Laut,78
Vokasi,Manajemen Logistik dan Material,78
Sistem Transportasi dan Logistik,Logistik,78
Sistem Transportasi dan Logistik,Transportasi,78
Manajemen dan Bisnis,Manajemen,78
Diploma,Keperawatan,79
Diploma,Rekam Medis dan Informasi Kesehatan,79
Diploma,Farmasi,79
Sarjana,Keperawatan,79
Profesi,Ners,79
Teknik Penerbangan,Teknik Bangunan dan Landasan,80
Teknik Penerbangan,Teknik Mekanikal Bandar Udara,80
Teknik Penerbangan,Teknik Listrik Bandara,80
Teknik Penerbangan,Teknik Navigasi Udara,80
Teknik Penerbangan,Teknik Pesawat Udara,80
Manajemen Penerbangan,Operasi Bandar Udara (B),80
Penerbang,Penerbang,80
Keselamatan Penerbangan,Penerangan Aeronautika,80
Keselamatan Penerbangan,Pertolongan Kecelakaan Pesawat,80
Keselamatan Penerbangan,Lalu Lintas Udara,80
Sarjana,Keperawatan,81
Sarjana,Kesehatan Masyarakat,81
Diploma,Kebidanan,81
Diploma,Rekam Medis dan Informasi Kesehatan,81
Profesi,Ners,81
Ekonomi,Manajemen,82
Ekonomi,Akuntansi,82
Agama Islam,Pendidikan Agama Islam,82
Agama Islam,Ekonomi Syariah,82
Ilmu Sosial dan Ilmu Politik,Ilmu Komunikasi,82
Ilmu Sosial dan Ilmu Politik,Ilmu Pemerintah,82
Ilmu Sosial dan Ilmu Politik,Perhotelan,82
Keguruan dan Ilmu Pendidikan,Pendidikan Biologi,82
Keguruan dan Ilmu Pendidikan,Matematika,82
Keguruan dan Ilmu Pendidikan,Bahasa Indonesia,82
Keguruan dan Ilmu Pendidikan,Bahasa Inggris,82
Keguruan dan Ilmu Pendidikan,Olahraga,82
Keguruan dan Ilmu Pendidikan,Pendidikan Guru Pendidikan Anak Usia Dini (PGPAUD),82
Pertanian,Agroteknologi,82
Pertanian,Agribisnis,82
Pertanian,Teknologi Industri Pertanian,82
Ilmu Kesehatan,Keperawatan,82
Ilmu Kesehatan,Ners Keperawatan,82
Teknik,Teknik Mesin,82
Teknik,Teknik Sipil,82
Teknik,Teknik Elektro,82
Teknik,Teknik Informatika,82
Teknik,Manajemen Informatika,82
Hukum,Ilmu Hukum,82
Psikologi,Psikologi,82
Pascasarjana,Manajemen,82
Fakultas Seni Rupa dan Desain,Seni Rupa,83
Fakultas Seni Rupa dan Desain,Desain,83
Fakultas Film dan Televisi,Film dan Televisi,83
Fakultas Seni Pertunjukan,Tari,83
Fakultas Seni Pertunjukan,Teater & Drama,83
Fakultas Seni Pertunjukan,Musik,83
Fakultas Seni Pertunjukan,Antropologi,83
Sekolah Pascasarjana,Seni Rupa,83
Teologi,Filsafat Keilahian,84
Teologi,Magister Ilmu Teologi,84
Teologi,Magister Kajian Konflik dan Perdamaian,84
Teologi,Doktor Teologi,84
Bisnis,Manajemen,84
Bisnis,Akuntansi,84
Arsitektur dan Desain,Arsitektur dan Desain Produk,84
Kedokteran,Pendidikan Kedokteran,84
Kedokteran,Profesi Dokter,84
Bioteknologi,Biologi,84
Teknologi Informasi,Sistem Informasi,84
Teknologi Informasi,Teknik Informatika,84
Kependidikan dan Humaniora,Pendidikan Bahasa Inggris,84
Kependidikan dan Humaniora,Studi Humanitas,84
Sarjana,Pendidikan Bahasa & Sastra Indonesia,85
Sarjana,Pendidikan Matematika,85
Sarjana,Pendidikan Guru Sekolah Dasar,85
Sarjana,Pendidikan Guru Pendidikan Anak Usia Dini,85
Sarjana,Pendidikan Bahasa & Sastra Inggris,85
Sarjana,Akuntansi,86
Sarjana,Manajemen,86
Magister,Manajemen,86
Pascasarjana,Manajemen,87
Sarjana,Akuntansi,87
Sarjana,Manajemen,87
Pascasarjana,Perbankan Syariah,88
Sarjana,Perbankan Syariah,88
Sarjana,Akuntansi Syariah,88
Sarjana,Manajemen Bisnis Syariah,88
Sarjana,Hukum Ekonomi Syariah,88
Fakultas Pertanian,Peternakan,89
Fakultas Pertanian,Agribisnis,89
Fakultas Pertanian,Teknologi Industri Pertanian,89
Fakultas Pertanian,Agroteknologi,89
Fakultas Pertanian,Arsitektur Lanskap,89
Fakultas Ekonomi,Akuntansi,89
Fakultas Ekonomi,Manajemen,89
Fakultas Teknik,Teknik Sipil,89
Fakultas Teknik,Teknik Kimia,89
Fakultas Ilmu Sosial dan Ilmu Politik,Administrasi Publik,89
Fakultas Ilmu Sosial dan Ilmu Politik,Ilmu Komunikasi,89
Fakultas Ilmu Kesehatan,Keperawatan,89
Fakultas Ilmu Kesehatan,Kebidanan,89
Pascasarjana,Ekonomi Pertanian,89
Pascasarjana,Administrasi Publik,89
Fakultas Ilmu Pendidikan,Pendidikan Biologi,89
Fakultas Ilmu Pendidikan,Pendidikan Matematika,89
Fakultas Ilmu Pendidikan,Pendidikan Guru Sekolah Dasar,89
Program Diploma,Teknik Pembuatan Peralatan Perkakas Produksi,90
Program Diploma,Teknik Produksi dan Proses Manufaktur,90
Program Diploma,Manajemen Informatika,90
Program Diploma,Mesin Otomotif,90
Program Diploma,Mekatronika Teknologi Konstruksi Bangunan Gedung,90
Sarjana,Manajemen,91
Sarjana,Akuntansi,91
Fakultas Matematika dan Ilmu Pengetahuan Alam,Matematika,92
Fakultas Keguruan dan Ilmu Pendidikan,Pendidikan Bahasa Inggris,92
Fakultas Keguruan dan Ilmu Pendidikan,Pendidikan Geografi,92
Fakultas Keguruan dan Ilmu Pendidikan,Pendidikan Ilmu Pengetahuan Sosial (IPS),92
Fakultas Keguruan dan Ilmu Pendidikan,Pendidikan Bahasa dan Sastra Indonesia,92
Fakultas Ilmu Sosial dan Ilmu Politik,Ilmu Pemerintahan,92
Fakultas Ekonomi,Akuntansi,92
Fakultas Pertanian,Agroteknologi,92
Fakultas Pertanian,Agribisnis,92
Fakultas Teknologi Informasi,Teknik Informatika,92
Fakultas Teknologi Informasi,Sistem Informasi,92
Fakultas Ilmu Kesehatan,Ilmu Keperawatan,92
Fakultas Ekonomi & Bisnis,Ekonomi Pembangunan,93
Fakultas Ekonomi & Bisnis,Akuntansi,93
Fakultas Ekonomi & Bisnis,Manajemen,93
Fakultas Teknik & Informatika,Teknik Elektro,93
Fakultas Teknik & Informatika,Teknik Industri,93
Fakultas Teknik & Informatika,Teknik Mesin,93
Fakultas Teknik & Informatika,Sistem Informasi,93
Fakultas Teknik & Informatika,Fisika,93
Fakultas Ilmu Sosial & Budaya,Bahasa Inggris,93
Fakultas Ilmu Sosial & Budaya,Ilmu Komunikasi,93
Fakultas Ilmu Sosial & Budaya,Psikologi,93
Pascasarjana,Akuntansi,93
Pascasarjana,Manajemen,93
Ma'had Aly Riyadhul Jannah,Ilmu Al-Qur'an,96
Fakultas Teknik Militer,Teknik Informatika,97
Fakultas Teknik Militer,Teknik Elektro,97
Fakultas Teknik Militer,Teknik Mesin,97
Fakultas Teknik Militer,Konstruksi,97
Fakultas Keamanan Nasional,Lainnya,97
Fakultas Matematika dan Ilmu Pengetahuan Alam Militer,Matematika,97
Fakultas Matematika dan Ilmu Pengetahuan Alam Militer,Fisika,97
Fakultas Matematika dan Ilmu Pengetahuan Alam Militer,Kimia,97
Fakultas Matematika dan Ilmu Pengetahuan Alam Militer,Biologi,97
Fakultas Kedokteran Militer,Pendidikan Dokter,97
Fakultas Farmasi Militer,Farmasi,97
Fakultas Strategi Pertahanan,Lainnya,97
Fakultas Manajemen Pertahanan,Ilmu Ekonomi,97
Fakultas Manajemen Pertahanan,Manajemen,97
Fakultas Teknologi Pertahanan,Ilmu Teknik,97
Fakultas Teknologi Pertahanan,Teknik Industri,97
Ilmu Kesehatan,Ilmu Keperawatan,99
Ilmu Kesehatan,Gizi,99
Ilmu Kesehatan,Lainnya,99
Fakultas Seni Pertunjukan,Seni Tari,100
Fakultas Seni Pertunjukan,Seni Musik,100
Fakultas Seni Pertunjukan,Seni Rupa Murni,100
Fakultas Seni Rupa dan Desain,Kriya Seni,100
Fakultas Seni Rupa dan Desain,Desain Komunikasi Visual,100
"Fakultas Ushuluddin, Adab, dan Humaniora",Sejarah Peradaban Islam,101
"Fakultas Ushuluddin, Adab, dan Humaniora",Ilmu Hadits,101
"Fakultas Ushuluddin, Adab, dan Humaniora",Bahasa dan Sastra Ara,101
"Fakultas Ushuluddin, Adab, dan Humaniora",Ilmu Al-Qur’an dan Tafsir,101
Fakultas Dakwah,Pengembangan Masyarakat Islam,101
Fakultas Dakwah,Bimbingan Konseling Islam,101
Fakultas Dakwah,Manajemen Dakwah,101
Fakultas Dakwah,Komunikasi dan Penyiaran Islam,101
Fakultas Dakwah,Psikologi Islam,101
Fakultas Dakwah,Komunikasi dan Penyiaran Islam,101
Fakultas Syariah,Hukum Keluarga,101
Fakultas Syariah,Hukum Pidana Islam,101
Fakultas Syariah,Hukum Ekonomi Syariah,101
Fakultas Syariah,Hukum Tata Negara,101
Fakultas Syariah,Hukum Keluarga,101
Fakultas Tarbiyah dan Ilmu Keguruan,Tadris Ilmu Pengetahuan Sosial,101
Fakultas Tarbiyah dan Ilmu Keguruan,Pendidikan Guru Madrasah Ibtidaiyah,101
Fakultas Tarbiyah dan Ilmu Keguruan,Tadris Biologi,101
Fakultas Tarbiyah dan Ilmu Keguruan,Pendidikan Agama Islam,101
Fakultas Tarbiyah dan Ilmu Keguruan,Tadris Ilmu Pengetahuan Alam,101
Fakultas Tarbiyah dan Ilmu Keguruan,Pendidikan Bahasa Arab,101
Fakultas Tarbiyah dan Ilmu Keguruan,Tadris Matematika,101
Fakultas Tarbiyah dan Ilmu Keguruan,Manajemen Pendidikan Islam,101
Fakultas Tarbiyah dan Ilmu Keguruan,Pendidikan Islam Anak Usia Dini,101
Fakultas Tarbiyah dan Ilmu Keguruan,Tadris Bahasa Inggris,101
Fakultas Tarbiyah dan Ilmu Keguruan,Pendidikan Agama Islam,101
Fakultas Tarbiyah dan Ilmu Keguruan,Pendidikan Bahasa Arab,101
Fakultas Tarbiyah dan Ilmu Keguruan,Pendidikan Guru Madrasah Ibtidaiyah,101
Fakultas Tarbiyah dan Ilmu Keguruan,Manajemen Pendidikan Islam,101
Fakultas Tarbiyah dan Ilmu Keguruan,Manajemen Pendidikan Islam,101
Fakultas Tarbiyah dan Ilmu Keguruan,Pendidikan Agama Islam,101
Fakultas Ekonomi dan Bisnis Islam,Manajemen Zakat dan Wakaf,101
Fakultas Ekonomi dan Bisnis Islam,Perbankan Syari'ah,101
Fakultas Ekonomi dan Bisnis Islam,Ekonomi Syari’ah,101
Fakultas Ekonomi dan Bisnis Islam,Akuntansi Syari’ah,101
Fakultas Ekonomi dan Bisnis Islam,Ekonomi Syari’ah,101
Fakultas Ushuluddin,Ilmu al-Qur'an dan Tafsir,102
Pascasarjana,Ekonomi Syariah,102
Pascasarjana,Ilmu Al-Qur'an dan Tafsir,102
Pascasarjana,Manajemen Pendidikan Islam,102
Fakultas Tarbiyah,Pendidikan Agama Islam,102
Fakultas Tarbiyah,Pendidikan Islam Anak Usia Dini,102
Fakultas Syariah,Al-Ahwal al-Syakhsiyyah,102
Fakultas Syariah,Ekonomi Syariah,102
Fakultas Dakwah,Komunikasi dan Penyiaran Islam,102
Fakultas Dakwah,Manajemen Dakwah,102
Teknik,Manajemen Informatika,103
Teknik,Teknik Informatika,103
Teknik,Sistem Informasi,103
Teknik,Arsitektur,103
Teknik,Teknik Sipil,103
Teknik,Teknik Industri,103
Psikologi,Psikologi,103
Ilmu Komunikasi,Ilmu Komunikasi,103
Ilmu Komunikasi,Desain Komunikasi Visual,103
Ekonomi dan Bisnis,Manajemen Perusahaan,103
Ekonomi dan Bisnis,Akuntansi,103
Ekonomi dan Bisnis,Manajemen,103
Ekonomi dan Bisnis,Kewirausahaan,104
Kesehatan,Ilmu Keperawatan,104
Kesehatan,Ilmu Gizi,104
Kesehatan,Ners,104
Kesehatan,Kebidanan,104
Sains dan Teknologi,Bisnis Digital,104
Sains dan Teknologi,Ilmu Komputer,104
Fakultas Ilmu Vokasi,Keperawatan,106
Fakultas Ilmu Vokasi,Keperawatan Anestesiologi,106
Fakultas Ilmu Vokasi,Keselamatan dan Kesehatan Kerja,106
Fakultas Ilmu Vokasi,Pengobatan Tradisional Tiongkok,106
Fakultas Ilmu Sosial dan Teknologi,Bisnis Digital,106
Fakultas Ilmu Sosial dan Teknologi,Manajemen Ritel,106
Fakultas Ilmu Kesehatan,Farmasi,106
Fakultas Ilmu Kesehatan,Administrasi Kesehatan,106
Fakultas Ilmu Kesehatan,Keperawatan,106
Fakultas Ilmu Kesehatan,Kebidanan,106
Fakultas Ilmu Kesehatan,Fisioterapi,106
Fakultas Ilmu Kesehatan,Gizi,106
Fakultas Ilmu Kesehatan,Ners,106
Fakultas Ilmu Kesehatan,Bidan,106
Pelayaran,Ilmu Teknik,107
Pelayaran,Kelautan,107
Pelayaran,Sekolah Kedinasan,107
Pelayaran,Nautika,107
Fakultas Ekonomi dan Bisnis,Ekonomi Pembangunan,109
Fakultas Ekonomi dan Bisnis,Akuntansi,109
Fakultas Ekonomi dan Bisnis,Manajemen,109
Fakultas Teknik,Teknik Mesin,109
Fakultas Teknik,Teknik Informatika,109
Fakultas Teknik,Teknik Industri,109
Fakultas Bahasa dan Sastra,Sastra Inggris,109
Fakultas Ilmu Sosial dan Ilmu Politik,Ilmu Administrasi Negara,109
Fakultas Hukum,Ilmu Hukum,109
Fakultas Pertanian,Agribisnis,109
Fakultas Psikologi,Psikologi,109
Pascasarjana,Manajemen,109
Pascasarjana,Ilmu Administrasi Publik,109
Pascasarjana,Ilmu Hukum,109
Fakultas Ekonomi,Ilmu Ekonomi,111
Fakultas Ekonomi,Manajemen,111
Fakultas Ekonomi,Akuntansi,111
Fakultas Hukum,Ilmu Hukum,111
Fakultas Teknik,Teknik Elektro,111
Fakultas Teknik,Teknik Sipil,111
Fakultas Teknik,Teknik Informatika,111
Fakultas Ilmu Sosial dan Politik,Ilmu Administrasi,111
Fakultas Ilmu Sosial dan Politik,Ilmu Komunikasi,111
Fakultas Psikologi dan Ilmu Sosial Budaya,Pendidikan Bahasa Inggris,114
Fakultas Psikologi dan Ilmu Sosial Budaya,Ilmu Komunikasi,114
Fakultas Psikologi dan Ilmu Sosial Budaya,Hubungan Internasional,114
Fakultas Psikologi dan Ilmu Sosial Budaya,Psikologi,114
Fakultas Teknik Sipil dan Perencanaan,Arsitektur,114
Fakultas Teknik Sipil dan Perencanaan,Teknik Sipil,114
Fakultas Teknik Sipil dan Perencanaan,Teknik Lingkungan,114
Fakultas Kedokteran,Pendidikan Dokter,114
Fakultas Ilmu Agama Islam,Ilmu Hukum,114
Fakultas Ilmu Agama Islam,Ilmu Agama Islam,114
Fakultas Ilmu Agama Islam,Ilmu Ekonomi,114
Fakultas Ilmu Agama Islam,Ekonomi Syariah,114
Fakultas Matematika dan Ilmu Pengetahuan Alam,Kimia,114
Fakultas Matematika dan Ilmu Pengetahuan Alam,Farmasi,114
Fakultas Matematika dan Ilmu Pengetahuan Alam,Statistika,114
Fakultas Hukum,Ilmu Hukum,114
Fakultas Teknologi Industri,Teknik Industri,114
Fakultas Teknologi Industri,Teknik Kimia,114
Fakultas Teknologi Industri,Teknik Elektro,114
Fakultas Teknologi Industri,Teknik Mesin,114
Fakultas Teknologi Industri,Teknik Informatika,114
Fakultas Bisnis dan Ekonomika,Ilmu Ekonomi,114
Fakultas Bisnis dan Ekonomika,Akuntansi,114
Fakultas Bisnis dan Ekonomika,Manajemen,114
Fakultas Bisnis dan Ekonomika,Ekonomi Pembangunan,114
Sarjana,Sastra Jepang,115
Sarjana,Sastra Inggris,115
Sarjana,Pendidikan Guru Sekolah Dasar,115
Sarjana,Pendidikan Teknologi Informasi dan Komunikasi,115
Sarjana,Pendidikan Bahasa Inggris,115
Profesi,Ners,117
Sarjana,Keperawatan,117
Diploma,Teknologi Laboratorium Medis,117
Diploma,Kebidanan,117
Fakultas Keguruan dan Ilmu Pendidikan,Pendidikan Matematika,119
Fakultas Keguruan dan Ilmu Pendidikan,Pendidikan Bahasa dan Sastra Indonesia,119
Fakultas Keguruan dan Ilmu Pendidikan,Pendidikan Bahasa Inggris,119
Fakultas Hukum,Ilmu Hukum,119
Fakultas Agama Islam,Ahwal Al-Syakhshiyah,119
Fakultas Agama Islam,Pendidikan Islam Anak Usia Dini (PIAUD),119
Fakultas Agama Islam,Pendidikan Agama Islam,119
Fakultas Agama Islam,Pendidikan Guru Madrasah Ibtidaiyah (PGMI),119
Fakultas Agama Islam,Pendidikan Bahasa Arab,119
Fakultas Teknik,Teknik Mesin,119
Fakultas Teknik,Teknik Elektro,119
Fakultas Teknik,Teknik Sipil,119
Fakultas Ilmu Administrasi,Ilmu Administrasi Negara,119
Fakultas Ilmu Administrasi,Ilmu Administrasi Niaga,119
Fakultas Ilmu Administrasi,Ilmu Administrasi,119
Fakultas Kedokteran,Pendidikan Kedokteran,119
Fakultas Kedokteran,Profesi Dokter,119
Fakultas Kedokteran,Farmasi,119
Fakultas Pertanian,Agroeknologi,119
Fakultas Pertanian,Agribisnis,119
Fakultas Ekonomi dan Bisnis,Manajemen,119
Fakultas Ekonomi dan Bisnis,Akuntansi,119
Fakultas Ekonomi dan Bisnis,Perbankan Syariah,119
Fakultas Ekonomi dan Bisnis,Kenotariatan,119
Fakultas Peternakan,Peternakan,119
Fakultas Matematika dan Ilmu Pengetahuan Alam,Biologi,119
Sarjana,Teologi,121
Magister,Teologi,121
Program Vokasi,Perpajakan,123
Program Vokasi,Administrasi Bisnis,123
Program Vokasi,Akuntansi Bisnis,123
Fakultas Ilmu Sosial dan Manajemen,Manajemen Komunikasi,123
Fakultas Ilmu Sosial dan Manajemen,Hospitality dan Pariwisata,123
Fakultas Ilmu Sosial dan Manajemen,Manajemen Logistik,123
Fakultas Ilmu Administrasi,Administrasi Publik,123
Fakultas Ilmu Administrasi,Administrasi Bisnis,123
Program Pascasarjana,Ilmu Administrasi,123
Dharma Acarya,Pendidikan Agama Hindu,126
Dharma Acarya,Pendidikan Guru Sekolah Dasar,126
Dharma Acarya,Pendidikan Guru Pendidikan Anak Usia Dini,126
Dharma Acarya,Sastra Agama dan Pendidikan Bahasa Bali,126
Dharma Acarya,Pendidikan Bahasa Inggris,126
Dharma Acarya,Pendidikan Profesi Guru,126
Pascasarjana,Brahma Widya (Filsafat),126
Pascasarjana,Dharma Acarya (Ilmu Pendidikan Agama Hindu),126
Pascasarjana,Ilmu Komunikasi Hindu,126
Pascasarjana,Pariwisata Budaya dan Keagamaan,126
Pascasarjana,Pendidikan Bahasa Bali,126
Pascasarjana,Ilmu Agama,126
Dharma Duta,Ilmu Komunikasi Hindu,126
Dharma Duta,Industri Perjalanan,126
Dharma Duta,Penerangan Agama Hindu,126
Dharma Duta,Hukum Hindu,126
Dharma Duta,Informatika,126
Dharma Duta,Kewirausahaan,126
Brahma Widya,Filsafat Hindu,126
Brahma Widya,Teologi Hindu,126
Brahma Widya,Yoga Kesehatan,126
Brahma Widya,Kepanditaan,126
Fakultas Ilmu Sosial dan Ilmu Politik,Ilmu Pemerintahan,128
Fakultas Ilmu Sosial dan Ilmu Politik,Ilmu Komunikasi,128
Fakultas Sains dan Teknologi,Teknik Informatika,128
Fakultas Sains dan Teknologi,Teknik Mesin,128
Fakultas Sains dan Teknologi,Teknik Elektro,128
Fakultas Sains dan Teknologi,Teknik Industri,128
Fakultas Ekonomi dan Bisnis,Manajemen,128
Fakultas Ekonomi dan Bisnis,Akuntansi,128
Fakultas Ekonomi dan Bisnis,,128
"Farmasi, Administrasi Rumah Sakit, Kesehatan Masyarakat, Radiologi (FAKAR)",Farmasi,129
"Farmasi, Administrasi Rumah Sakit, Kesehatan Masyarakat, Radiologi (FAKAR)",Administrasi Rumah Sakit,129
"Farmasi, Administrasi Rumah Sakit, Kesehatan Masyarakat, Radiologi (FAKAR)",Kesehatan Masyarakat,129
"Farmasi, Administrasi Rumah Sakit, Kesehatan Masyarakat, Radiologi (FAKAR)",Radiologi,129
Pascasarjana,Keperawatan,129
Pascasarjana,Kesehatan Masyarakat,129
Keperawatan dan Kebidanan,Keperawatan,129
Keperawatan dan Kebidanan,Kebidanan,129
Program Magister Terapan,Pemanfaatan Sumberdaya Perikanan,130
Program Sarjana Terapan,Penyuluhan Perikanan,130
Program Sarjana Terapan,Permesinan Perikanan,130
Program Sarjana Terapan,Teknologi Akuakultur,130
Program Sarjana Terapan,Teknologi Penangkapan Ikan,130
Program Sarjana Terapan,Teknologi Pengelolaan Sumberdaya Perairan,130
Program Sarjana Terapan,Teknologi Pengolahan Hasil Perikanan,130
Fakultas Sains dan Teknologi,Teknik Informatika,132
Fakultas Sains dan Teknologi,Sistem Informasi,132
Fakultas Sains dan Teknologi,Teknik Industri,132
Fakultas Sains dan Teknologi,Desain Komunikasi Visual,132
Fakultas Sains dan Teknologi,Farmasi,132
Fakultas Bahasa dan Seni,Pendidikan Bahasa Mandarin,132
Fakultas Bahasa dan Seni,Sastra Inggris,132
Fakultas Ekonomi dan Bisnis,Manajemen,132
Fakultas Ekonomi dan Bisnis,Akuntansi,132
Bisnis dan Manajemen,Sastra Inggris,133
Ilmu Pelayaran,Kelautan,135
Ilmu Pelayaran,Sekolah Kedinasan,135
Ilmu Pelayaran,Ilmu Teknik,135
Ilmu Pelayaran,Nautika,135
Sarjana,Teknik Informatika,136
Sarjana,Sistem Informasi,136
Diploma,Manajemen Informatika,136
Diploma,Komputerisasi Akuntansi,136
Ilmu Kesehatan,Keperawatan,137
Ilmu Kesehatan,Kebidanan,137
Ilmu Kesehatan,Farmasi,137
Fakultas Bisnis,Akuntansi,138
Fakultas Bisnis,Kewirausahaan,138
Fakultas Bisnis,Banking & Finance,138
Fakultas Bisnis,Digital Marketing,138
Fakultas Pendidikan,Pendidikan Matematika,138
Fakultas Pendidikan,Pendidikan Bahasa Inggris,138
Fakultas Teknik dan Teknologi,Ilmu Komputer,138
Fakultas Teknik dan Teknologi,Sistem Informasi,138
Fakultas Teknik dan Teknologi,Teknik Industri,138
Fakultas Teknik dan Teknologi,Desain Komunikasi Visual,138
Fakultas Teknik dan Teknologi,Teknik Mesin,138
Fakultas Seni dan Ilmu Pengetahuan,Psikologi,138
Fakultas Psikologi,Psikologi,139
Fakultas Psikologi,Magister Psikologi,139
Fakultas Psikologi,Profesi Psikologi,139
Fakultas Psikologi,Doktoral Psikologi,139
Fakultas Ilmu Administrasi Bisnis dan Ilmu Komunikasi,Administrasi Bisnis,139
Fakultas Ilmu Administrasi Bisnis dan Ilmu Komunikasi,Ilmu Komunikasi,139
Fakultas Ilmu Administrasi Bisnis dan Ilmu Komunikasi,Pariwisata,139
Fakultas Ilmu Administrasi Bisnis dan Ilmu Komunikasi,Ilmu Administrasi Bisnis,139
Fakultas Ekonomi dan Bisnis,Manajemen,139
Fakultas Ekonomi dan Bisnis,Akuntansi,139
Fakultas Ekonomi dan Bisnis,Ekonomi Pembangunan,139
Fakultas Teknobiologi,Bioteknologi,139
Fakultas Teknobiologi,Teknologi Pangan,139
Fakultas Kedokteran dan Ilmu Kesehatan,Kedokteran,139
Fakultas Kedokteran dan Ilmu Kesehatan,Dokter,139
Fakultas Kedokteran dan Ilmu Kesehatan,Farmasi,139
Fakultas Kedokteran dan Ilmu Kesehatan,Biomedik,139
Fakultas Teknik,Teknik Mesin,139
Fakultas Teknik,Teknik Industri,139
Fakultas Teknik,Teknik Elektro,139
Fakultas Teknik,Sistem Informasi,139
Fakultas Hukum,Ilmu Hukum,139
Fakultas Pendidikan dan Bahasa,Bimbingan dan Konseling,139
Fakultas Pendidikan dan Bahasa,Ilmu Pendidikan Teologi (Keagamaan Katolik),139
Fakultas Pendidikan dan Bahasa,Pendidikan Guru Sekolah Dasar,139
Fakultas Pendidikan dan Bahasa,Pendidikan Bahasa Inggris,139
Fakultas Pendidikan dan Bahasa,Linguistik Terapan Bahasa Inggris,139
Program Sarjana,Agen Intelijen,141
Program Sarjana,Teknologi Intelijen,141
Program Sarjana,Cyber Intelijen,141
Program Sarjana,Ekonomi Intelijen,141
Program Pascasarjana,Intelijen Medik,141
Program Pascasarjana,Kajian Intelijen,141
Program Pascasarjana,Teknologi dan Cyber,141
Program Pascasarjana,Intelijen Ekonomi,141
Program Pascasarjana,Analisis Strategi Intelijen,141
Fakultas Keguruan dan Ilmu Pendidikan,Bimbingan dan Konseling,142
Fakultas Keguruan dan Ilmu Pendidikan,Pendidikan Kimia,142
Fakultas Keguruan dan Ilmu Pendidikan,Pendidikan Agama Kristen,142
Fakultas Keguruan dan Ilmu Pendidikan,Pendidikan Matematika,142
Fakultas Keguruan dan Ilmu Pendidikan,Pendidikan Biologi,142
Fakultas Keguruan dan Ilmu Pendidikan,Pendidikan Fisika,142
Fakultas Ilmu Sosial dan Ilmu Politik,Ilmu Komunikasi,142
Fakultas Ilmu Sosial dan Ilmu Politik,Ilmu Politik,142
Fakultas Ilmu Sosial dan Ilmu Politik,Ilmu Hubungan Internasional,142
Fakultas Kedokteran,Kedokteran,142
Fakultas Kedokteran,Dokter,142
Fakultas Teknik,Teknik Mesin,142
Fakultas Teknik,Teknik Elektro,142
Fakultas Teknik,Teknik Sipil,142
Fakultas Teknik,Teknik Arsitektur,142
Fakultas Hukum,Ilmu Hukum,142
Fakultas Ekonomi dan Bisnis,Manajemen,142
Fakultas Ekonomi dan Bisnis,Akuntansi,142
Fakultas Sastra dan Bahasa,Pendidikan Bahasa Inggris,142
Fakultas Sastra dan Bahasa,Sastra Inggris,142
Fakultas Sastra dan Bahasa,Pendidikan Bahasa Mandarin,142
Program Pascasarjana,Administrasi Pendidikan,142
Program Pascasarjana,Hukum,142
Program Pascasarjana,Pendidikan Agama Kristen,142
Program Pascasarjana,Manajemen,142
Program Pascasarjana,Teknik Elektro,142
Program Pascasarjana,Arsitektur,142
Program Pascasarjana,Pendidikan Agama Kristen,142
Program Pascasarjana,Hukum,142
Fakultas Vokasi,Fisioterapi,142
Fakultas Vokasi,Keperawatan,142
Fakultas Vokasi,Analisis Keuangan,142
Fakultas Vokasi,Manajemen Pajak,142
Komunikasi & Bahasa,Ilmu Komunikasi,143
Komunikasi & Bahasa,Sastra Inggris,143
Komunikasi & Bahasa,Broadcasting (Penyiaran),143
Komunikasi & Bahasa,Public Relations,143
Komunikasi & Bahasa,Lainnya,143
Ekonomi & Bisnis,Akuntansi,143
Ekonomi & Bisnis,Manajemen,143
Ekonomi & Bisnis,Perpajakan,143
Ekonomi & Bisnis,Perhotelan,143
Ekonomi & Bisnis,Administrasi Bisnis (Niaga),143
Ekonomi & Bisnis,Administrasi Perkantoran,143
Teknik & Informatika,Ilmu Teknik,143
Teknik & Informatika,Teknik Elektro,143
Teknik & Informatika,Teknik Industri,143
Teknik & Informatika,Ilmu Komputer,143
Teknik & Informatika,Sistem Informasi,143
Teknik & Informatika,Lainnya,143
Ilmu Komunikasi,Ilmu Komunikasi,144
Ekonomi dan Bisnis,Manajemen,144
Ekonomi dan Bisnis,Akuntansi,144
Ekonomi dan Bisnis,Ekonomi Pembangunan,144
Sastra,Sastra Jepang,144
Sastra,Sastra Inggris,144
Hukum,Ilmu Hukum,144
Ilmu Kesehatan,Kebidanan,144
Ilmu Kesehatan,Teknologi Bank Darah,144
Ilmu Administrasi,Ilmu Administrasi Negara,144
Ilmu Administrasi,Ilmu Administrasi Niaga,144
Ilmu Administrasi,Ilmu Administrasi,144
Ilmu Administrasi,Kesekretariatan,144
Keguruan dan Ilmu Pendidikan,Pendidikan Bahasa dan Sastra Indonesia,144
Keguruan dan Ilmu Pendidikan,Pendidikan Matematika,144
Keguruan dan Ilmu Pendidikan,Pendidikan Bahasa Indonesia,144
Keguruan dan Ilmu Pendidikan,Teknologi Pendidikan,144
Pertanian,Agrobisnis Perikanan,144
Pertanian,Pemanfaatan Sumberdaya Perikanan,144
Pertanian,Teknologi Pangan,144
Pertanian,Budidaya Perairan,144
Teknik,Teknik Informatika,144
Teknik,Teknik Sipil,144
Teknik,Teknik Geomatika,144
Magister,Keperawatan,146
Profesi,Ners,146
Profesi,Bidan,146
Sarjana,Ilmu Keperawatan,146
Sarjana,Kebidanan,146
Sarjana,Ilmu Gizi,146
Fakultas Teknik,Teknik Lingkungan,147
Fakultas Teknik,Teknik Industri,147
Fakultas Ekonomi dan Bisnis,Manajemen,147
Fakultas Ekonomi dan Bisnis,Akuntansi,147
Fakultas Ilmu Komunikasi,Ilmu Komunikasi,147
Fakultas Ilmu Komunikasi,Broadcasting (Humas),147
Fakultas Hukum,Ilmu Hukum,147
Fakultas Teknologi Pangan & Kesehatan,Gizi,147
Fakultas Teknologi Pangan & Kesehatan,Teknologi Pangan,147
Sekolah Pascasarjana,Manajemen,147
Sekolah Pascasarjana,Ilmu Komunikasi,147
Kedokteran,Pendidikan Dokter,148
Hukum,Hukum,148
Pertanian dan Peternakan,Agroteknologi/Agronomi,148
Pertanian dan Peternakan,Agribisnis,148
Pertanian dan Peternakan,Teknologi Pangan,148
Pertanian dan Peternakan,Kehutanan,148
Pertanian dan Peternakan,Peternakan,148
Pertanian dan Peternakan,Akuakultur,148
Keguruan dan Ilmu Pendidikan,Pendidikan Matematika,148
Keguruan dan Ilmu Pendidikan,Pendidikan Biologi,148
Keguruan dan Ilmu Pendidikan,Pendidikan Bahasa Indonesia,148
Keguruan dan Ilmu Pendidikan,Pendidikan Pancasila dan Kewarganegaraan,148
Keguruan dan Ilmu Pendidikan,Pendidikan Bahasa Inggris,148
Keguruan dan Ilmu Pendidikan,Pendidikan Guru Sekolah Dasar,148
Ilmu Sosial dan Ilmu Politik,Ilmu Komunikasi,148
Ilmu Sosial dan Ilmu Politik,Ilmu Pemerintahan,148
Ilmu Sosial dan Ilmu Politik,Hubungan Internasional,148
Ilmu Sosial dan Ilmu Politik,Kesejahteraan Sosial,148
Ilmu Sosial dan Ilmu Politik,Sosiologi,148
Ekonomi dan Bisnis,Manajemen,148
Ekonomi dan Bisnis,Akuntansi,148
Ekonomi dan Bisnis,Ekonomi Pembangunan,148
Ekonomi dan Bisnis,Keuangan dan Perbankan,148
Agama Islam,Pendidikan Agama Islam,148
Agama Islam,Hukum Keluarga Islam- Ahwal Syakhshiyyah,148
Agama Islam,Ekonomi Syariah,148
Agama Islam,Pendidikan Bahasa Arab,148
Teknik,Teknik Mesin,148
Teknik,Teknik Sipil,148
Teknik,Teknik Industri,148
Teknik,Informatika,148
Teknik,Teknik Elektro/Teknologi Elektronika,148
Psikologi,Psikologi,148
llmu Kesehatan,Ilmu Keperawatan,148
llmu Kesehatan,Farmasi,148
llmu Kesehatan,Fisioterapi,148
Fakultas Ekonomi dan Bisnis,Bisnis Perhotelan,151
Fakultas Ekonomi dan Bisnis,Kewirausahaan,151
Fakultas Ekonomi dan Bisnis,Akuntansi,151
Fakultas Hukum,Hukum Bisnis,151
Fakultas Teknik,Manajemen Rekayasa dan Konstruksi,151
Fakultas Teknik,Arsitektur,151
Fakultas Teknik,Perencanaan Wilayah dan Kota,151
Fakultas Teknik,Desain Produk,151
Fakultas Psikologi,Psikologi,155
Fakultas Ilmu Kesehatan,Analis Kesehatan,155
Fakultas Teknik,Analis Kimia,155
Fakultas Teknik,Teknik Kimia,155
Fakultas Teknik,Teknik Industri,155
Fakultas Farmasi,Analis Farmasi dan Makanan,155
Fakultas Farmasi,Farmasi,155
Fakultas Farmasi,Apoteker,155
Fakultas Ekonomi,Akuntansi,155
Fakultas Ekonomi,Manajemen,155
Fakultas Ekonomika dan Bisnis,Manajemen,156
Fakultas Ekonomika dan Bisnis,Akuntansi,156
Fakultas Ekonomika dan Bisnis,Ekonomi Pembangunan,156
Fakultas Teknik,Teknik Elektro,156
Fakultas Teknik,Teknik Sipil,156
Fakultas Teknik,Arsitektur,156
Fakultas Hukum,Ilmu Hukum,156
Fakultas Ilmu Sosial dan Ilmu Politik,Ilmu Administrasi Negara,156
Fakultas Peternakan,Peternakan,156
Fakultas Sains dan Teknologi,Komputerisasi Akuntansi,157
Fakultas Sains dan Teknologi,Manajemen Informatika,157
Fakultas Sains dan Teknologi,Teknik Informatika,157
Fakultas Sains dan Teknologi,Sistem Informasi,157
Fakultas Sains dan Teknologi,Sistem Komputer,157
Fakultas Sains dan Teknologi,Pendidikan Teknologi Informasi,157
Fakultas Sains dan Teknologi,Desain Komunikasi Visual,157
Fakultas Sains dan Teknologi,Sains Data,157
Fakultas Sains dan Teknologi,Magister Teknik Informatika,157
Fakultas Ekonomi dan Bisnis,Akuntansi,157
Fakultas Ekonomi dan Bisnis,Manajemen Retail,157
Fakultas Ekonomi dan Bisnis,Bisnis Digital,157
Fakultas Ekonomi dan Bisnis,Kewirausahaan,157
Ekonomi dan Bisnis,Ilmu Ekonomi,158
Ekonomi dan Bisnis,Akuntansi,158
Ekonomi dan Bisnis,Perbankan,158
Ekonomi dan Bisnis,Manajemen,158
Fakultas Ekonomi dan Bisnis,Akuntansi,159
Fakultas Ekonomi dan Bisnis,Manajemen,159
Fakultas Ekonomi dan Bisnis,Ekonomi Pembangunan,159
Fakultas Ekonomi dan Bisnis,Ilmu Ekonomi,159
Fakultas Teknik,Teknik Industri,159
Fakultas Teknik,Teknik Mesin,159
Fakultas Teknik,Teknik Sipil,159
Fakultas Teknik,Teknik Arsitekur,159
Fakultas Teknik,Teknik Elektro,159
Fakultas Teknik,Teknik Informatika,159
Fakultas Ilmu Budaya,Sastra Jepang,159
Fakultas Ilmu Budaya,Sastra Inggris,159
Fakultas Ilmu Sosial dan Ilmu Politik,Administrasi Negara (Publik),159
Fakultas Ilmu Sosial dan Ilmu Politik,Administrasi Niaga (Bisnis),159
Fakultas Ilmu Sosial dan Ilmu Politik,Ilmu Komunikasi,159
Fakultas Ilmu Sosial dan Ilmu Politik,Ilmu Administrasi Publik,159
Fakultas Ilmu Sosial dan Ilmu Politik,Ilmu Administrasi,159
Fakultas Hukum,Ilmu Hukum,159
Fakultas Psikologi,Psikologi,159
Fakultas Psikologi,Magister Psikologi,159
Fakultas Psikologi,Psikologi Profesi,159
Fakultas Vokasi,Teknologi Manufaktur,159
Fakultas Vokasi,Teknologi Listrik,159
Fakultas Vokasi,Agroindustri,159
Ekonomi dan Bisnis,Bisnis Digital,161
Ekonomi dan Bisnis,Kewirausahaan,161
Ilmu Kesehatan,Kebidanan,161
Ilmu Kesehatan,Teknologi Laboratorium Medis,161
Ilmu Kesehatan,Ilmu Keperawatan,161
Ilmu Kesehatan,Farmasi,161
Sarjana,Pendidikan Bahasa Indonesia,163
Sarjana,Pendidikan Bahasa Inggris,163
Sarjana,Pendidikan Fisika,163
Sarjana,Pendidikan Guru Sekolah Dasar,163
Sarjana,Pendidikan Matematika,163
Fakultas Teknik Sipil dan Perencanaan,Teknik Geodesi,164
Fakultas Teknik Sipil dan Perencanaan,Arsitektur,164
Fakultas Teknik Sipil dan Perencanaan,Teknik Lingkungan,164
Fakultas Teknik Sipil dan Perencanaan,Teknik Sipil,164
Fakultas Teknik Sipil dan Perencanaan,Perencanaan Wilayah dan Kota,164
Fakultas Teknologi Industri,Teknik Mesin,164
Fakultas Teknologi Industri,Teknik Listrik,164
Fakultas Teknologi Industri,Teknik Industri,164
Fakultas Teknologi Industri,Teknik Kimia,164
Fakultas Teknologi Industri,Teknik Informatika,164
Fakultas Teknologi Industri,Teknik Elektro,164
Fakultas Teknologi Industri,Bisnis Digital,164
Pascasarjana,Teknik Sipil,164
Pascasarjana,Teknik Industri,164
Pascasarjana,Teknik Elektro,164
Fakultas Ekonomi,Ketatalaksanaan Pelayaran Niaga dan Kepelabuhan,165
Fakultas Ekonomi,Akuntansi,165
Fakultas Ekonomi,Manajemen,165
Fakultas Ilmu Komunikasi,Ilmu Komunikasi,165
Fakultas Teknik,Arsitektur,165
Fakultas Teknik,Teknik Industri,165
Fakultas Teknik,Teknik Mesin,165
Fakultas Teknik,Teknik Elektro,165
Fakultas Teknik,Teknik Sipil,165
Fakultas Teknik,Teknik Informatika,165
Fakultas Hukum,Ilmu Hukum,165
Fakultas Ilmu Sosial dan Ilmu Politik,Hubungan Internasional,166
Fakultas Ilmu Sosial dan Ilmu Politik,Kriminologi,166
Fakultas Teknik,Arsitektur,166
Fakultas Teknik,Teknik Elektro,166
Fakultas Komunikasi dan Desain Kreatif,Ilmu Komunikasi,166
Fakultas Komunikasi dan Desain Kreatif,Desain Komunikasi Visual,166
Fakultas Ekonomi dan Bisnis,Manajemen,166
Fakultas Ekonomi dan Bisnis,Akuntansi,166
Fakultas Ekonomi dan Bisnis,Sekretari,166
Fakultas Ekonomi dan Bisnis,Manajemen Bencana,166
Fakultas Teknologi Informasi,Ilmu Komputer,166
Fakultas Teknologi Informasi,Sistem Informasi,166
Fakultas Teknologi Informasi,Sistem Komputer,166
Fakultas Teknologi Informasi,Teknik Informatika,166
Fakultas Teknologi Informasi,Manajemen Informatika,166
Fakultas Teknologi Informasi,Komputerisasi Akuntansi,166
Kesehatan,Farmasi,168
Kesehatan,Gizi,168
Kesehatan,Pendidikan Dokter Gigi,168
Kesehatan,Kesehatan Lingkungan,168
Kesehatan,Ilmu Teknik,168
