institution_code,institution_name,campus_accreditation,address,province,body_type,link,description,contact,lecturer_amount,student_amount,average_semester_fee,starting_semester_fee,ending_semester_fee,average_yearly_fee,starting_yearly_fee,ending_yearly_fee
rencanamu-1,AKADEMI BAHASA ASING BINA SARANA INFORMATIKA JAKARTA,-,-,DKI JAKARTA,akademi-bahasa-asing-bina-sarana-informatika-jakarta,https://rencanamu.id/cari-kampus/akademi-bahasa-asing-bina-sarana-informatika-jakarta,-,Tel: +621 310 0041,-1,-1,1440000,1440000,11520000,2880000,2880000,11520000
rencanamu-10,BINUS UNIVERSITY MALANG,-,-,JAWA TIMUR,binus-university-malang,https://rencanamu.id/cari-kampus/binus-university-malang,-,Tel: (0341)3036969,-1,-1,5250000,5250000,42000000,10500000,10500000,42000000
rencanamu-100,UNIVERSITAS ATMA JAYA YOGYAKARTA,A,-,DI YOGYAKARTA,universitas-atma-jaya-yogyakarta,https://rencanamu.id/cari-kampus/universitas-atma-jaya-yogyakarta,-,Tel: +62274 48 7711,9381,9381,2500000,2500000,20000000,5000000,5000000,20000000
rencanamu-101,UNIVERSITAS AZZAHRA,-,-,DKI JAKARTA,universitas-azzahra-,https://rencanamu.id/cari-kampus/universitas-azzahra-,-,Tel: +6221 280 0647,5829,5829,3750000,3750000,30000000,7500000,7500000,30000000
rencanamu-102,UNIVERSITAS BAITURRAHMAH,A,-,SUMATERA BARAT,universitas-baiturrahmah,https://rencanamu.id/cari-kampus/universitas-baiturrahmah,-,Tel: +62751 463069,-1,-1,-1,-1,-1,-1,-1,-1
rencanamu-103,UNIVERSITAS BAKRIE,B,-,DKI JAKARTA,universitas-bakrie,https://rencanamu.id/cari-kampus/universitas-bakrie,-,Tel: +6221 526 1448,2278,2278,5273500,5273500,42188000,10547000,10547000,42188000
rencanamu-104,UNIVERSITAS BALIKPAPAN,B,-,KALIMANTAN TIMUR,universitas-balikpapan,https://rencanamu.id/cari-kampus/universitas-balikpapan,-,Tel: +62542 76 4205,6221,6221,750000,750000,6000000,1500000,1500000,6000000
rencanamu-105,UNIVERSITAS BATAM,B,-,KEPULAUAN RIAU,universitas-batam,https://rencanamu.id/cari-kampus/universitas-batam,-,Tel: 0778 7485055,-1,-1,-1,-1,-1,-1,-1,-1
rencanamu-106,UNIVERSITAS BATANGHARI JAMBI,-,-,JAMBI,universitas-batanghari-jambi,https://rencanamu.id/cari-kampus/universitas-batanghari-jambi,-,Tel: +62741 6 0673,7254,7254,3510500,3510500,28084000,7021000,7021000,28084000
rencanamu-107,UNIVERSITAS BATURAJA,-,-,SUMATERA SELATAN,universitas-baturaja,https://rencanamu.id/cari-kampus/universitas-baturaja,-,Tel: +62735 32 6122,4975,4975,-1,-1,-1,-1,-1,-1
rencanamu-108,UNIVERSITAS BHAYANGKARA JAKARTA RAYA,B,-,DKI JAKARTA,universitas-bhayangkara-jakarta-raya,https://rencanamu.id/cari-kampus/universitas-bhayangkara-jakarta-raya,-,Tel: +6221 723 1948,7843,7843,2100000,2100000,16800000,4200000,4200000,16800000
rencanamu-109,UNIVERSITAS BHAYANGKARA SURABAYA,B,-,JAWA TIMUR,universitas-bhayangkara-surabaya,https://rencanamu.id/cari-kampus/universitas-bhayangkara-surabaya,-,Tel: +6231 828 5601,3022,3022,5700000,5700000,45600000,11400000,11400000,45600000
rencanamu-11,CALVIN INSTITUTE OF TECHNOLOGY,-,-,DKI JAKARTA,calvin-institute-of-technology,https://rencanamu.id/cari-kampus/calvin-institute-of-technology,-,Tel: 0 800 1-225846,500,500,27500000,27500000,220000000,55000000,55000000,220000000
rencanamu-110,UNIVERSITAS BINA BANGSA,-,-,BANTEN,sekolah-tinggi-ilmu-ekonomi-bina-bangsa,https://rencanamu.id/cari-kampus/sekolah-tinggi-ilmu-ekonomi-bina-bangsa,-,Tel: +62254 22 0158,8319,8319,3325000,3325000,26600000,6650000,6650000,26600000
rencanamu-111,UNIVERSITAS BINA DARMA,B,-,SUMATERA SELATAN,universitas-bina-darma,https://rencanamu.id/cari-kampus/universitas-bina-darma,-,Tel: 0711-515582,-1,-1,-1,-1,-1,-1,-1,-1
rencanamu-112,UNIVERSITAS BINAWAN,C,-,DKI JAKARTA,universitas-binawan,https://rencanamu.id/cari-kampus/universitas-binawan,-,Tel: (021)80880882,-1,-1,-1,-1,-1,-1,-1,-1
rencanamu-113,UNIVERSITAS BOROBUDUR,C,-,DKI JAKARTA,universitas-borobudur,https://rencanamu.id/cari-kampus/universitas-borobudur,-,Tel: +6221 861 8293,2787,2787,4250000,4250000,34000000,8500000,8500000,34000000
rencanamu-114,UNIVERSITAS BOYOLALI,B,-,JAWA TENGAH,universitas-boyolali,https://rencanamu.id/cari-kampus/universitas-boyolali,-,Tel: +62(076) 321328,-1,-1,-1,-1,-1,-1,-1,-1
rencanamu-115,UNIVERSITAS BSI BANDUNG,B,-,JAWA BARAT,universitas-bsi-bandung,https://rencanamu.id/cari-kampus/universitas-bsi-bandung,-,Tel: +6222 7100124,-1,-1,2075000,2075000,16600000,4150000,4150000,16600000
rencanamu-116,UNIVERSITAS BUDI LUHUR,B,-,BANTEN,universitas-budi-luhur,https://rencanamu.id/cari-kampus/universitas-budi-luhur,-,Tel: +6221 585 3753,13404,13404,8450000,8450000,67600000,16900000,16900000,67600000
rencanamu-117,UNIVERSITAS BUNDA MULIA,B,-,DKI JAKARTA,universitas-bunda-mulia,https://rencanamu.id/cari-kampus/universitas-bunda-mulia,-,Tel: +6221 6909090,4732,4732,9000000,9000000,72000000,18000000,18000000,72000000
rencanamu-118,UNIVERSITAS BUNG HATTA,B,-,SUMATERA BARAT,universitas-bung-hatta,https://rencanamu.id/cari-kampus/universitas-bung-hatta,-,Tel: +62751 705 1678,8625,8625,6500000,6500000,52000000,13000000,13000000,52000000
rencanamu-119,UNIVERSITAS BUNG KARNO,B,-,DKI JAKARTA,universitas-bung-karno,https://rencanamu.id/cari-kampus/universitas-bung-karno,-,Tel: (021) 3929591,-1,-1,-1,-1,-1,-1,-1,-1
rencanamu-12,CAMBRIDGE INTERNATIONAL COLLEGE FOR AVIATION,-,-,KEPULAUAN RIAU,cambridge-international-college-for-aviation,https://rencanamu.id/cari-kampus/cambridge-international-college-for-aviation,-,Tel: (0778) 8016750,-1,-1,20350000,20350000,162800000,40700000,40700000,162800000
rencanamu-120,UNIVERSITAS CIPUTRA,A,-,JAWA TIMUR,universitas-ciputra,https://rencanamu.id/cari-kampus/universitas-ciputra,-,Tel: +6231 745 1699,3818,3818,13600000,13600000,108800000,27200000,27200000,108800000
rencanamu-121,UNIVERSITAS COKROAMINOTO PALOPO,B,-,SULAWESI SELATAN,universitas-cokroaminoto-palopo,https://rencanamu.id/cari-kampus/universitas-cokroaminoto-palopo,-,Tel: 0471 22111,7839,7839,-1,-1,-1,-1,-1,-1
rencanamu-122,UNIVERSITAS DARMA PERSADA,B,-,DKI JAKARTA,universitas-darma-persada,https://rencanamu.id/cari-kampus/universitas-darma-persada,-,Tel: +6221 864905,2045,2045,2750000,2750000,22000000,5500000,5500000,22000000
rencanamu-123,UNIVERSITAS DAYANU IKHSANUDDIN,-,-,SULAWESI TENGGARA,universitas-dayanu-ikhsanuddin,https://rencanamu.id/cari-kampus/universitas-dayanu-ikhsanuddin,-,Tel: +62402 2 1327,5289,5289,2000000,2000000,16000000,4000000,4000000,16000000
rencanamu-124,UNIVERSITAS DHYANA PURA,B,-,BALI,universitas-dhyana-pura,https://rencanamu.id/cari-kampus/universitas-dhyana-pura,-,Tel: +62-361-426450,-1,-1,-1,-1,-1,-1,-1,-1
rencanamu-125,UNIVERSITAS DIAN NUSWANTORO,A,-,JAWA TENGAH,universitas-dian-nuswantoro,https://rencanamu.id/cari-kampus/universitas-dian-nuswantoro,-,Tel: +6224 35 1726,9587,9587,1500000,1500000,12000000,3000000,3000000,12000000
rencanamu-126,UNIVERSITAS DJUANDA,B,-,JAWA BARAT,universitas-djuanda,https://rencanamu.id/cari-kampus/universitas-djuanda,-,Tel: +6251 824 0773,2278,2278,2100000,2100000,16800000,4200000,4200000,16800000
rencanamu-127,UNIVERSITAS DR. SOETOMO,B,-,JAWA TIMUR,universitas-dr-soetomo,https://rencanamu.id/cari-kampus/universitas-dr-soetomo,-,Tel: +6231 594 7185,5054,5054,2550000,2550000,20400000,5100000,5100000,20400000
rencanamu-128,UNIVERSITAS DWIJENDRA,B,-,BALI,universitas-dwijendra,https://rencanamu.id/cari-kampus/universitas-dwijendra,-,-,-1,-1,-1,-1,-1,-1,-1,-1
rencanamu-129,UNIVERSITAS EKASAKTI,B,-,SUMATERA BARAT,universitas-ekasakti,https://rencanamu.id/cari-kampus/universitas-ekasakti,-,Tel: +62751 2 8859,6685,6685,-1,-1,-1,-1,-1,-1
rencanamu-13,ESMOD JAKARTA,-,-,DKI JAKARTA,esmod-jakarta,https://rencanamu.id/cari-kampus/esmod-jakarta,-,Tel: +6221 765 9181,-1,-1,25000000,25000000,200000000,50000000,50000000,200000000
rencanamu-130,UNIVERSITAS ESA UNGGUL,B,-,DKI JAKARTA,universitas-esa-unggul,https://rencanamu.id/cari-kampus/universitas-esa-unggul,-,Tel: +6221 567 4223,11345,11345,9000000,9000000,72000000,18000000,18000000,72000000
rencanamu-131,UNIVERSITAS FAJAR,B,-,SULAWESI SELATAN,universitas-fajar,https://rencanamu.id/cari-kampus/universitas-fajar,-,Tel: 0411-447508,-1,-1,-1,-1,-1,-1,-1,-1
rencanamu-132,UNIVERSITAS FLORES,B,-,NUSA TENGGARA TIMUR,universitas-flores,https://rencanamu.id/cari-kampus/universitas-flores,-,Tel: +62381 2 1094,6930,6930,-1,-1,-1,-1,-1,-1
rencanamu-133,UNIVERSITAS GAJAYANA MALANG,B,-,JAWA TIMUR,universitas-gajayana-malang,https://rencanamu.id/cari-kampus/universitas-gajayana-malang,-,Tel: +62341 56 2411,1476,1476,4250000,4250000,34000000,8500000,8500000,34000000
rencanamu-134,UNIVERSITAS GALUH CIAMIS,B,-,JAWA BARAT,universitas-galuh-ciamis,https://rencanamu.id/cari-kampus/universitas-galuh-ciamis,-,Tel: 0625 77 6787,5412,5412,1575000,1575000,12600000,3150000,3150000,12600000
rencanamu-135,UNIVERSITAS GRAHA NUSANTARA,-,-,SUMATERA UTARA,universitas-graha-nusantara,https://rencanamu.id/cari-kampus/universitas-graha-nusantara,-,Tel: +62634 2 5292,4914,4914,-1,-1,-1,-1,-1,-1
rencanamu-136,UNIVERSITAS GUNADARMA,A,-,JAWA BARAT,universitas-gunadarma,https://rencanamu.id/cari-kampus/universitas-gunadarma,-,Tel: +6221 7888 1112,37611,37611,8050000,8050000,64400000,16100000,16100000,64400000
rencanamu-137,UNIVERSITAS HAMZANWADI,B,-,NUSA TENGGARA BARAT,universitas-hamzanwadi,https://rencanamu.id/cari-kampus/universitas-hamzanwadi,-,Tel: (0376) 22954,-1,-1,-1,-1,-1,-1,-1,-1
rencanamu-138,UNIVERSITAS HANG TUAH,B,-,JAWA TIMUR,universitas-hang-tuah,https://rencanamu.id/cari-kampus/universitas-hang-tuah,-,Tel: +6231 594 5864,2819,2819,2625000,2625000,21000000,5250000,5250000,21000000
rencanamu-139,UNIVERSITAS HKBP NOMMENSEN,B,-,SUMATERA UTARA,universitas-hkbp-nommensen,https://rencanamu.id/cari-kampus/universitas-hkbp-nommensen,-,Tel: +6261 452 2922,13665,13665,2700000,2700000,21600000,5400000,5400000,21600000
rencanamu-14,IKIP MATARAM,-,-,NUSA TENGGARA BARAT,ikip-mataram,https://rencanamu.id/cari-kampus/ikip-mataram,-,Tel: +62370 63 2082,9689,9689,-1,-1,-1,-1,-1,-1
rencanamu-140,UNIVERSITAS ICHSAN GORONTALO,B,-,GORONTALO,universitas-ichsan-gorontalo,https://rencanamu.id/cari-kampus/universitas-ichsan-gorontalo,-,Tel: +62435 82 9975,3954,3954,-1,-1,-1,-1,-1,-1
rencanamu-141,UNIVERSITAS INDRAPRASTA PGRI,B,-,DKI JAKARTA,universitas-indraprasta-pgri,https://rencanamu.id/cari-kampus/universitas-indraprasta-pgri,-,Tel: +6221 7883 5283,34925,34925,1350000,1350000,10800000,2700000,2700000,10800000
rencanamu-142,UNIVERSITAS INTERNASIONAL SEMEN INDONESIA,-,-,JAWA TIMUR,universitas-internasional-semen-indonesia,https://rencanamu.id/cari-kampus/universitas-internasional-semen-indonesia,-,Tel: (031) 3985482,1870,1870,6250000,6250000,50000000,12500000,12500000,50000000
rencanamu-143,UNIVERSITAS ISLAM 45 BEKASI,B,-,JAWA BARAT,universitas-islam-45-bekasi,https://rencanamu.id/cari-kampus/universitas-islam-45-bekasi,-,Tel: +6221 880 1027,5838,5838,5650000,5650000,45200000,11300000,11300000,45200000
rencanamu-144,UNIVERSITAS ISLAM AS,C,-,DKI JAKARTA,universitas-islam-as-syafi-iyah,https://rencanamu.id/cari-kampus/universitas-islam-as-syafi-iyah,-,Tel: +6221 846 2361,3191,3191,2925000,2925000,23400000,5850000,5850000,23400000
rencanamu-145,UNIVERSITAS ISLAM BALITAR,B,-,JAWA TIMUR,universitas-islam-balitar,https://rencanamu.id/cari-kampus/universitas-islam-balitar,-,Tel: (0342) 813145,-1,-1,-1,-1,-1,-1,-1,-1
rencanamu-146,UNIVERSITAS ISLAM BANDUNG,-,-,JAWA BARAT,universitas-islam-bandung,https://rencanamu.id/cari-kampus/universitas-islam-bandung,-,Tel: +6222 250 4922,10167,10167,6075000,6075000,48600000,12150000,12150000,48600000
rencanamu-147,UNIVERSITAS ISLAM BATIK,B,-,JAWA TENGAH,universitas-islam-batik,https://rencanamu.id/cari-kampus/universitas-islam-batik,-,Tel: (0271) 714751,-1,-1,-1,-1,-1,-1,-1,-1
rencanamu-148,UNIVERSITAS ISLAM INDONESIA,A,-,DI YOGYAKARTA,universitas-islam-indonesia,https://rencanamu.id/cari-kampus/universitas-islam-indonesia,-,Tel: +62274 89 8444,23185,23185,1275000,1275000,10200000,2550000,2550000,10200000
rencanamu-149,UNIVERSITAS ISLAM INDRAGIRI,-,-,RIAU,universitas-islam-indragiri,https://rencanamu.id/cari-kampus/universitas-islam-indragiri,-,Tel: +62768 32 4918,4771,4771,4222500,4222500,33780000,8445000,8445000,33780000
rencanamu-15,INDONESIA INTERNATIONAL INSTITUTE FOR LIFE SCIENCES,-,-,DKI JAKARTA,indonesia-international-institute-for-life-sciences,https://rencanamu.id/cari-kampus/indonesia-international-institute-for-life-sciences,-,Tel: 021 29567888,-1,-1,25000000,25000000,200000000,50000000,50000000,200000000
rencanamu-150,UNIVERSITAS ISLAM JAKARTA,B,-,DKI JAKARTA,universitas-islam-jakarta,https://rencanamu.id/cari-kampus/universitas-islam-jakarta,-,Tel: +6221 856 6451,-1,-1,3750000,3750000,30000000,7500000,7500000,30000000
rencanamu-151,UNIVERSITAS ISLAM KADIRI,B,-,JAWA TIMUR,universitas-islam-kadiri,https://rencanamu.id/cari-kampus/universitas-islam-kadiri,-,Tel: (0354) 683243,-1,-1,-1,-1,-1,-1,-1,-1
rencanamu-152,UNIVERSITAS ISLAM KALIMANTAN M A B BANJARMASIN,-,-,KALIMANTAN SELATAN,universitas-islam-kalimantan-m-a-b-banjarmasin,https://rencanamu.id/cari-kampus/universitas-islam-kalimantan-m-a-b-banjarmasin,-,Tel: +62511 30 4592,7550,7550,1650000,1650000,13200000,3300000,3300000,13200000
rencanamu-153,UNIVERSITAS ISLAM LAMONGAN,-,-,JAWA TIMUR,universitas-islam-lamongan,https://rencanamu.id/cari-kampus/universitas-islam-lamongan,-,Tel: +62322 32 4706,4261,4261,312500,312500,2500000,625000,625000,2500000
rencanamu-154,UNIVERSITAS ISLAM MALANG,B,-,JAWA TIMUR,universitas-islam-malang,https://rencanamu.id/cari-kampus/universitas-islam-malang,-,Tel: (0341) 551932,2485,2485,3750000,3750000,30000000,7500000,7500000,30000000
rencanamu-155,UNIVERSITAS ISLAM NAHDLATUL ULAMA' JEPARA,-,-,JAWA TENGAH,universitas-islam-nahdlatul-ulama-jepara,https://rencanamu.id/cari-kampus/universitas-islam-nahdlatul-ulama-jepara,-,Tel: +62291 59 5320,6114,6114,2750000,2750000,22000000,5500000,5500000,22000000
rencanamu-156,UNIVERSITAS ISLAM NUSANTARA,-,-,JAWA BARAT,universitas-islam-nusantara,https://rencanamu.id/cari-kampus/universitas-islam-nusantara,-,Tel: +6222 750 9656,3793,3793,2700000,2700000,21600000,5400000,5400000,21600000
rencanamu-157,UNIVERSITAS ISLAM SULTAN AGUNG,B,-,JAWA TENGAH,universitas-islam-sultan-agung,https://rencanamu.id/cari-kampus/universitas-islam-sultan-agung,-,Tel: +6224 58 3584,11251,11251,5100000,5100000,40800000,10200000,10200000,40800000
rencanamu-158,UNIVERSITAS ISLAM SUMATERA UTARA,B,-,SUMATERA UTARA,universitas-islam-sumatera-utara,https://rencanamu.id/cari-kampus/universitas-islam-sumatera-utara,-,Tel: +6261 786 6932,2455,2455,3250000,3250000,26000000,6500000,6500000,26000000
rencanamu-159,UNIVERSITAS ISLAM SYEKH YUSUF,B,-,BANTEN,universitas-islam-syekh-yusuf,https://rencanamu.id/cari-kampus/universitas-islam-syekh-yusuf,-,Tel: +6221 552 7063,4229,4229,7500000,7500000,60000000,15000000,15000000,60000000
rencanamu-16,INSTITUT BISNIS DAN INFORMATIKA KWIK KIAN GIE,-,-,DKI JAKARTA,institut-bisnis-dan-informatika-kwik-kian-gie,https://rencanamu.id/cari-kampus/institut-bisnis-dan-informatika-kwik-kian-gie,-,Tel: +6221 6530 7062,3394,3394,4800000,4800000,38400000,9600000,9600000,38400000
rencanamu-160,UNIVERSITAS JANABADRA,B,-,DI YOGYAKARTA,universitas-janabadra,https://rencanamu.id/cari-kampus/universitas-janabadra,-,Tel: +62274 56 1039,2933,2933,975000,975000,7800000,1950000,1950000,7800000
rencanamu-161,UNIVERSITAS JAYABAYA,-,-,DKI JAKARTA,universitas-jayabaya,https://rencanamu.id/cari-kampus/universitas-jayabaya,-,Tel: +6221 470 0892,3773,3773,4157500,4157500,33260000,8315000,8315000,33260000
rencanamu-162,UNIVERSITAS JENDERAL ACHMAD YANI,B,-,JAWA BARAT,universitas-jenderal-achmad-yani,https://rencanamu.id/cari-kampus/universitas-jenderal-achmad-yani,-,Tel: +6222 665 6190,10685,10685,8300000,8300000,66400000,16600000,16600000,66400000
rencanamu-163,UNIVERSITAS KANJURUHAN,-,-,JAWA TIMUR,universitas-kanjuruhan,https://rencanamu.id/cari-kampus/universitas-kanjuruhan,-,Tel: +62341 80 1488,10706,10706,2375000,2375000,19000000,4750000,4750000,19000000
rencanamu-164,UNIVERSITAS KATOLIK DARMA CENDIKA,B,-,JAWA TIMUR,universitas-katolik-darma-cendika,https://rencanamu.id/cari-kampus/universitas-katolik-darma-cendika,-,Tel: (031) 5946482,-1,-1,-1,-1,-1,-1,-1,-1
rencanamu-165,UNIVERSITAS KATOLIK INDONESIA ATMA JAYA,A,-,DKI JAKARTA,universitas-katolik-indonesia-atma-jaya,https://rencanamu.id/cari-kampus/universitas-katolik-indonesia-atma-jaya,-,Tel: (021) 570-3306,6974,6974,169250000,169250000,1354000000,338500000,338500000,1354000000
rencanamu-166,UNIVERSITAS KATOLIK MUSI CHARITAS,B,-,SUMATERA SELATAN,universitas-katolik-musi-charitas,https://rencanamu.id/cari-kampus/universitas-katolik-musi-charitas,-,Tel: (0711)321801,-1,-1,-1,-1,-1,-1,-1,-1
rencanamu-167,UNIVERSITAS KATOLIK PARAHYANGAN,A,-,JAWA BARAT,universitas-katolik-parahyangan,https://rencanamu.id/cari-kampus/universitas-katolik-parahyangan,-,Tel: +6222 203 2655,9863,9863,4500000,4500000,36000000,9000000,9000000,36000000
rencanamu-168,UNIVERSITAS KATOLIK SANTO THOMAS,B,-,SUMATERA UTARA,universitas-katolik-santo-thomas,https://rencanamu.id/cari-kampus/universitas-katolik-santo-thomas,-,Tel: +6261 821 0161,3538,3538,6500000,6500000,52000000,13000000,13000000,52000000
rencanamu-169,UNIVERSITAS KATOLIK SOEGIJAPRANATA,A,-,JAWA TENGAH,universitas-katolik-soegijapranata,https://rencanamu.id/cari-kampus/universitas-katolik-soegijapranata,-,Tel: +6224 844 1555,5069,5069,7750000,7750000,62000000,15500000,15500000,62000000
rencanamu-17,INSTITUT BISNIS NUSANTARA,-,-,DKI JAKARTA,institut-bisnis-nusantara,https://rencanamu.id/cari-kampus/institut-bisnis-nusantara,-,Tel: +621 856 4932,2224,2224,4905000,4905000,39240000,9810000,9810000,39240000
rencanamu-170,UNIVERSITAS KATOLIK WIDYA KARYA MALANG,-,-,JAWA TIMUR,universitas-katolik-widya-karya-malang,https://rencanamu.id/cari-kampus/universitas-katolik-widya-karya-malang,-,Tel: +62341 55 3171,463,463,2000000,2000000,16000000,4000000,4000000,16000000
rencanamu-171,UNIVERSITAS KATOLIK WIDYA MANDALA SURABAYA,A,-,JAWA TIMUR,universitas-katolik-widya-mandala-surabaya,https://rencanamu.id/cari-kampus/universitas-katolik-widya-mandala-surabaya,-,Tel: +6231 568 2665,4380,4380,5500000,5500000,44000000,11000000,11000000,44000000
rencanamu-172,UNIVERSITAS KATOLIK WIDYA MANDIRA KUPANG,-,-,NUSA TENGGARA TIMUR,universitas-katolik-widya-mandira-kupang,https://rencanamu.id/cari-kampus/universitas-katolik-widya-mandira-kupang,-,Tel: +62380 83 3395,5657,5657,1050000,1050000,8400000,2100000,2100000,8400000
rencanamu-173,UNIVERSITAS KLABAT,B,-,SULAWESI UTARA,universitas-klabat,https://rencanamu.id/cari-kampus/universitas-klabat,-,Tel: 0431- 891035,-1,-1,-1,-1,-1,-1,-1,-1
rencanamu-174,UNIVERSITAS KOMPUTER INDONESIA,B,-,JAWA BARAT,universitas-komputer-indonesia,https://rencanamu.id/cari-kampus/universitas-komputer-indonesia,-,Tel: +6222 250 4119,8236,8236,12475000,12475000,99800000,24950000,24950000,99800000
rencanamu-175,UNIVERSITAS KRISNADWIPAYANA,-,-,DKI JAKARTA,universitas-krisnadwipayana,https://rencanamu.id/cari-kampus/universitas-krisnadwipayana,-,Tel: +6221 846 2229,6515,6515,4075000,4075000,32600000,8150000,8150000,32600000
rencanamu-176,UNIVERSITAS KRISTEN DUTA WACANA,A,-,DI YOGYAKARTA,universitas-kristen-duta-wacana,https://rencanamu.id/cari-kampus/universitas-kristen-duta-wacana,-,Tel: +62274 56 3929,4068,4068,5100000,5100000,40800000,10200000,10200000,40800000
rencanamu-177,UNIVERSITAS KRISTEN INDONESIA,B,-,DKI JAKARTA,universitas-kristen-indonesia,https://rencanamu.id/cari-kampus/universitas-kristen-indonesia,-,Tel: +6221 809 2425,4179,4179,4875000,4875000,39000000,9750000,9750000,39000000
rencanamu-178,UNIVERSITAS KRISTEN INDONESIA MALUKU,-,-,MALUKU,universitas-kristen-indonesia-maluku,https://rencanamu.id/cari-kampus/universitas-kristen-indonesia-maluku,-,Tel: +62911 34 8521,3513,3513,5380000,5380000,43040000,10760000,10760000,43040000
rencanamu-179,UNIVERSITAS KRISTEN INDONESIA PAULUS,B,-,SULAWESI SELATAN,universitas-kristen-indonesia-paulus,https://rencanamu.id/cari-kampus/universitas-kristen-indonesia-paulus,-,Tel: +62411 582825,4801,4801,4350000,4350000,34800000,8700000,8700000,34800000
rencanamu-18,INSTITUT ILMU SOSIAL DAN ILMU POLITIK JAKARTA,-,-,DKI JAKARTA,institut-ilmu-sosial-dan-ilmu-politik-jakarta,https://rencanamu.id/cari-kampus/institut-ilmu-sosial-dan-ilmu-politik-jakarta,-,Tel: +6221 7806 2234,3798,3798,6745000,6745000,53960000,13490000,13490000,53960000
rencanamu-180,UNIVERSITAS KRISTEN KRIDA WACANA,C,-,DKI JAKARTA,universitas-kristen-krida-wacana,https://rencanamu.id/cari-kampus/universitas-kristen-krida-wacana,-,Tel: 021 566 6952,-1,-1,-1,-1,-1,-1,-1,-1
rencanamu-181,UNIVERSITAS KRISTEN MARANATHA,B,-,JAWA BARAT,universitas-kristen-maranatha,https://rencanamu.id/cari-kampus/universitas-kristen-maranatha,-,Tel: +6222 201 2186,6005,6005,3900000,3900000,31200000,7800000,7800000,31200000
rencanamu-182,UNIVERSITAS KRISTEN PETRA,A,-,JAWA TIMUR,universitas-kristen-petra,https://rencanamu.id/cari-kampus/universitas-kristen-petra,-,Tel: +6231 843 9040,8245,8245,7600000,7600000,60800000,15200000,15200000,60800000
rencanamu-183,UNIVERSITAS KRISTEN SATYA WACANA,A,-,JAWA TENGAH,universitas-kristen-satya-wacana,https://rencanamu.id/cari-kampus/universitas-kristen-satya-wacana,-,Tel: 0298-321212,1622,1622,1800000,1800000,14400000,3600000,3600000,14400000
rencanamu-184,UNIVERSITAS KUNINGAN,B,-,JAWA BARAT,universitas-kuningan,https://rencanamu.id/cari-kampus/universitas-kuningan,-,Tel: (0232) 873 696,-1,-1,-1,-1,-1,-1,-1,-1
rencanamu-185,UNIVERSITAS LANCANG KUNING,B,-,RIAU,universitas-lancang-kuning,https://rencanamu.id/cari-kampus/universitas-lancang-kuning,-,Tel: (0761) 52248,-1,-1,-1,-1,-1,-1,-1,-1
rencanamu-186,UNIVERSITAS LANGLANGBUANA,B,-,JAWA BARAT,universitas-langlangbuana,https://rencanamu.id/cari-kampus/universitas-langlangbuana,-,Tel: +6222 421 8084,3872,3872,3675000,3675000,29400000,7350000,7350000,29400000
rencanamu-187,UNIVERSITAS MA CHUNG,B,-,JAWA TIMUR,universitas-ma-chung,https://rencanamu.id/cari-kampus/universitas-ma-chung,-,Tel: +62341 550171,863,863,9000000,9000000,72000000,18000000,18000000,72000000
rencanamu-188,UNIVERSITAS MADURA,B,-,JAWA TIMUR,universitas-madura,https://rencanamu.id/cari-kampus/universitas-madura,-,Tel: (0324) 322231,-1,-1,-1,-1,-1,-1,-1,-1
rencanamu-189,UNIVERSITAS MAHASARASWATI DENPASAR,-,-,BALI,universitas-mahasaraswati-denpasar,https://rencanamu.id/cari-kampus/universitas-mahasaraswati-denpasar,-,Tel: +62361 22 7019,6221,6221,1500000,1500000,12000000,3000000,3000000,12000000
rencanamu-19,INSTITUT INFORMATIKA DAN BISNIS DARMAJAYA,-,-,LAMPUNG,institut-informatika-dan-bisnis-darmajaya,https://rencanamu.id/cari-kampus/institut-informatika-dan-bisnis-darmajaya,-,Tel: +62721 78 7214,5821,5821,5000000,5000000,40000000,10000000,10000000,40000000
rencanamu-190,UNIVERSITAS MAJALENGKA,-,-,JAWA BARAT,universitas-majalengka,https://rencanamu.id/cari-kampus/universitas-majalengka,-,Tel: +62233 28 1496,3153,3153,1500000,1500000,12000000,3000000,3000000,12000000
rencanamu-191,UNIVERSITAS MALAHAYATI,B,-,LAMPUNG,universitas-malahayati,https://rencanamu.id/cari-kampus/universitas-malahayati,-,Tel: +62721 27 1112,3117,3117,-1,-1,-1,-1,-1,-1
rencanamu-192,UNIVERSITAS MATANA,-,-,BANTEN,universitas-matana,https://rencanamu.id/cari-kampus/universitas-matana,-,-,642,642,7500000,7500000,60000000,15000000,15000000,60000000
rencanamu-193,UNIVERSITAS MATHLA'UL ANWAR,-,-,BANTEN,universitas-mathla-ul-anwar,https://rencanamu.id/cari-kampus/universitas-mathla-ul-anwar,-,Tel: +62253 40 1307,124,-1,2125000,2125000,17000000,4250000,4250000,17000000
rencanamu-194,UNIVERSITAS MEDAN AREA,B,-,SUMATERA UTARA,universitas-medan-area,https://rencanamu.id/cari-kampus/universitas-medan-area,-,Tel: +6261 736 6878,9103,9103,7000000,7000000,56000000,14000000,14000000,56000000
rencanamu-195,UNIVERSITAS MERCU BUANA JAKARTA,A,-,DKI JAKARTA,universitas-mercu-buana-jakarta,https://rencanamu.id/cari-kampus/universitas-mercu-buana-jakarta,-,Tel: 021 5840816,-1,-1,-1,-1,-1,-1,-1,-1
rencanamu-196,UNIVERSITAS MERCU BUANA YOGYAKARTA,A,-,DI YOGYAKARTA,universitas-mercu-buana-yogyakarta,https://rencanamu.id/cari-kampus/universitas-mercu-buana-yogyakarta,-,Tel: +62274 649 8212,3414,3414,1045000,1045000,8360000,2090000,2090000,8360000
rencanamu-197,UNIVERSITAS MERDEKA MALANG,B,-,JAWA TIMUR,universitas-merdeka-malang,https://rencanamu.id/cari-kampus/universitas-merdeka-malang,-,Tel: +62341 568395,172,-1,6375000,6375000,51000000,12750000,12750000,51000000
rencanamu-198,UNIVERSITAS METHODIST INDONESIA,B,-,SUMATERA UTARA,universitas-methodist-indonesia,https://rencanamu.id/cari-kampus/universitas-methodist-indonesia,-,Tel: 0614536465,1968,1968,3000000,3000000,24000000,6000000,6000000,24000000
rencanamu-199,UNIVERSITAS MOHAMMAD HUSNI THAMRIN,B,-,DKI JAKARTA,universitas-mohammad-husni-thamrin,https://rencanamu.id/cari-kampus/universitas-mohammad-husni-thamrin,-,Tel: 021-8096411,5389,5389,-1,-1,-1,-1,-1,-1
rencanamu-2,AKADEMI KIMIA ANALISIS CARAKA NUSANTARA,-,-,JAWA BARAT,akademi-kimia-analisis-caraka-nusantara,https://rencanamu.id/cari-kampus/akademi-kimia-analisis-caraka-nusantara,-,Tel: +6221 871 0001,-1,-1,4400000,4400000,35200000,8800000,8800000,35200000
rencanamu-20,INSTITUT KESENIAN JAKARTA,-,-,DKI JAKARTA,institut-kesenian-jakarta,https://rencanamu.id/cari-kampus/institut-kesenian-jakarta,-,Tel: +6221 3924 018,1350,1350,8675000,8675000,69400000,17350000,17350000,69400000
rencanamu-200,UNIVERSITAS MPU TANTULAR,B,-,DKI JAKARTA,universitas-mpu-tantular,https://rencanamu.id/cari-kampus/universitas-mpu-tantular,-,Tel: 021-856 2011,-1,-1,2750000,2750000,22000000,5500000,5500000,22000000
rencanamu-201,UNIVERSITAS MUHAMMADIYAH BENGKULU,B,-,BENGKULU,universitas-muhammadiyah-bengkulu,https://rencanamu.id/cari-kampus/universitas-muhammadiyah-bengkulu,-,Tel: +62736 2 2765,5061,5061,2287500,2287500,18300000,4575000,4575000,18300000
rencanamu-202,UNIVERSITAS MUHAMMADIYAH BUTON,-,-,SULAWESI TENGGARA,universitas-muhammadiyah-buton,https://rencanamu.id/cari-kampus/universitas-muhammadiyah-buton,-,Tel: +62402 282 7038,7577,7577,925000,925000,7400000,1850000,1850000,7400000
rencanamu-203,UNIVERSITAS MUHAMMADIYAH JAKARTA,B,-,BANTEN,universitas-muhammadiyah-jakarta,https://rencanamu.id/cari-kampus/universitas-muhammadiyah-jakarta,-,Tel: 021-7492862,21613,21613,-1,-1,-1,-1,-1,-1
rencanamu-204,UNIVERSITAS MUHAMMADIYAH JEMBER,B,-,JAWA TIMUR,universitas-muhammadiyah-jember,https://rencanamu.id/cari-kampus/universitas-muhammadiyah-jember,-,Tel: +62331 33 6728,5299,5299,4905000,4905000,39240000,9810000,9810000,39240000
rencanamu-205,UNIVERSITAS MUHAMMADIYAH KENDARI,-,-,SULAWESI UTARA,universitas-muhammadiyah-kendari,https://rencanamu.id/cari-kampus/universitas-muhammadiyah-kendari,-,Tel: +62401 319 0710,5434,5434,1600000,1600000,12800000,3200000,3200000,12800000
rencanamu-206,UNIVERSITAS MUHAMMADIYAH MAGELANG,B,-,JAWA TENGAH,universitas-muhammadiyah-magelang,https://rencanamu.id/cari-kampus/universitas-muhammadiyah-magelang,-,Tel: (0293) 326945,-1,-1,-1,-1,-1,-1,-1,-1
rencanamu-207,UNIVERSITAS MUHAMMADIYAH MAKASSAR,B,-,SULAWESI SELATAN,universitas-muhammadiyah-makassar,https://rencanamu.id/cari-kampus/universitas-muhammadiyah-makassar,-,Tel: +62411 866972,20658,20658,1875000,1875000,15000000,3750000,3750000,15000000
rencanamu-208,UNIVERSITAS MUHAMMADIYAH MALANG,A,-,JAWA TIMUR,universitas-muhammadiyah-malang,https://rencanamu.id/cari-kampus/universitas-muhammadiyah-malang,-,Tel: 0341-464318-19,34426,34426,10000000,10000000,80000000,20000000,20000000,80000000
rencanamu-209,UNIVERSITAS MUHAMMADIYAH MALUKU UTARA,-,-,MALUKU UTARA,universitas-muhammadiyah-maluku-utara,https://rencanamu.id/cari-kampus/universitas-muhammadiyah-maluku-utara,-,Tel: +62921 312 3979,9997,9997,1750000,1750000,14000000,3500000,3500000,14000000
rencanamu-21,INSTITUT MANAJEMEN KOPERASI INDONESIA,-,-,JAWA BARAT,institut-manajemen-koperasi-indonesia,https://rencanamu.id/cari-kampus/institut-manajemen-koperasi-indonesia,-,Tel: +6222 779 8179,2197,2197,2500000,2500000,20000000,5000000,5000000,20000000
rencanamu-210,UNIVERSITAS MUHAMMADIYAH MATARAM,-,-,NUSA TENGGARA BARAT,universitas-muhammadiyah-mataram,https://rencanamu.id/cari-kampus/universitas-muhammadiyah-mataram,-,Tel: +62370 63 3723,5984,5984,-1,-1,-1,-1,-1,-1
rencanamu-211,UNIVERSITAS MUHAMMADIYAH METRO,-,-,LAMPUNG,universitas-muhammadiyah-metro,https://rencanamu.id/cari-kampus/universitas-muhammadiyah-metro,-,Tel: +62725 4 2445,4782,4782,-1,-1,-1,-1,-1,-1
rencanamu-212,UNIVERSITAS MUHAMMADIYAH PALEMBANG,-,-,SUMATERA SELATAN,universitas-muhammadiyah-palembang,https://rencanamu.id/cari-kampus/universitas-muhammadiyah-palembang,-,Tel: +6271 151 3022,3751,3751,-1,-1,-1,-1,-1,-1
rencanamu-213,UNIVERSITAS MUHAMMADIYAH PALU,-,-,SULAWESI TENGAH,universitas-muhammadiyah-palu,https://rencanamu.id/cari-kampus/universitas-muhammadiyah-palu,-,Tel: +62451 42 5627,6578,6578,2650000,2650000,21200000,5300000,5300000,21200000
rencanamu-214,UNIVERSITAS MUHAMMADIYAH PROF. DR. HAMKA,A,-,DKI JAKARTA,universitas-muhammadiyah-prof-dr-hamka,https://rencanamu.id/cari-kampus/universitas-muhammadiyah-prof-dr-hamka,-,Tel: +62(021) 7394451,18726,18726,-1,-1,-1,-1,-1,-1
rencanamu-215,UNIVERSITAS MUHAMMADIYAH PURWOKERTO,B,-,JAWA TENGAH,universitas-muhammadiyah-purwokerto,https://rencanamu.id/cari-kampus/universitas-muhammadiyah-purwokerto,-,Tel: +62281 63 6751,6614,6614,1025000,1025000,8200000,2050000,2050000,8200000
rencanamu-216,UNIVERSITAS MUHAMMADIYAH PURWOREJO,-,-,JAWA TENGAH,universitas-muhammadiyah-purworejo,https://rencanamu.id/cari-kampus/universitas-muhammadiyah-purworejo,-,Tel: +62275 32 1494,4367,4367,2500000,2500000,20000000,5000000,5000000,20000000
rencanamu-217,UNIVERSITAS MUHAMMADIYAH SIDOARJO,B,-,JAWA TIMUR,universitas-muhammadiyah-sidoarjo,https://rencanamu.id/cari-kampus/universitas-muhammadiyah-sidoarjo,-,Tel: +6231 894 5444,8230,8230,-1,-1,-1,-1,-1,-1
rencanamu-218,UNIVERSITAS MUHAMMADIYAH SUMATERA UTARA,B,-,SUMATERA UTARA,universitas-muhammadiyah-sumatera-utara,https://rencanamu.id/cari-kampus/universitas-muhammadiyah-sumatera-utara,-,Tel: +6261 662 2400,18581,18581,5250000,5250000,42000000,10500000,10500000,42000000
rencanamu-219,UNIVERSITAS MUHAMMADIYAH SURAKARTA,A,-,JAWA TENGAH,universitas-muhammadiyah-surakarta,https://rencanamu.id/cari-kampus/universitas-muhammadiyah-surakarta,-,Tel: +62271 71 7417,22758,22758,36050000,36050000,288400000,72100000,72100000,288400000
rencanamu-22,INSTITUT PERTANIAN STIPER YOGYAKARTA,-,-,DI YOGYAKARTA,institut-pertanian-stiper-yogyakarta,https://rencanamu.id/cari-kampus/institut-pertanian-stiper-yogyakarta,-,Tel: +62274 88 5479,2963,2963,3500000,3500000,28000000,7000000,7000000,28000000
rencanamu-220,UNIVERSITAS MUHAMMADIYAH TANGERANG,B,-,BANTEN,universitas-muhammadiyah-tangerang,https://rencanamu.id/cari-kampus/universitas-muhammadiyah-tangerang,-,Tel: +6221 553 7198,11757,11757,3450000,3450000,27600000,6900000,6900000,27600000
rencanamu-221,UNIVERSITAS MUHAMMADIYAH TAPANULI SELATAN,-,-,SUMATERA UTARA,universitas-muhammadiyah-tapanuli-selatan,https://rencanamu.id/cari-kampus/universitas-muhammadiyah-tapanuli-selatan,-,Tel: +0634 2 1696,6314,6314,-1,-1,-1,-1,-1,-1
rencanamu-222,UNIVERSITAS MUHAMMADIYAH YOGYAKARTA,A,-,DI YOGYAKARTA,universitas-muhammadiyah-yogyakarta,https://rencanamu.id/cari-kampus/universitas-muhammadiyah-yogyakarta,-,Tel: +62274 38 7656,19972,19972,8500000,8500000,68000000,17000000,17000000,68000000
rencanamu-223,UNIVERSITAS MULTIMEDIA NUSANTARA,A,-,BANTEN,universitas-multimedia-nusantara,https://rencanamu.id/cari-kampus/universitas-multimedia-nusantara,-,Tel: +6221 5422 0808,8695,8695,12225000,12225000,97800000,24450000,24450000,97800000
rencanamu-224,UNIVERSITAS MURIA KUDUS,B,-,JAWA TENGAH,universitas-muria-kudus,https://rencanamu.id/cari-kampus/universitas-muria-kudus,-,Tel: +62291 43 8229,8741,8741,975000,975000,7800000,1950000,1950000,7800000
rencanamu-225,UNIVERSITAS MUSLIM INDONESIA MAKASSAR,A,-,SULAWESI SELATAN,universitas-muslim-indonesia-makassar,https://rencanamu.id/cari-kampus/universitas-muslim-indonesia-makassar,-,Tel: (0411) 455666-455696,18828,18828,3975000,3975000,31800000,7950000,7950000,31800000
rencanamu-226,UNIVERSITAS MUSLIM NUSANTARA AL,B,-,SUMATERA UTARA,universitas-muslim-nusantara-al-wasliyah,https://rencanamu.id/cari-kampus/universitas-muslim-nusantara-al-wasliyah,-,Tel: +6261 786 7044,7954,7954,4000000,4000000,32000000,8000000,8000000,32000000
rencanamu-227,UNIVERSITAS NAROTAMA,B,-,JAWA TIMUR,universitas-narotama-,https://rencanamu.id/cari-kampus/universitas-narotama-,-,Tel: (031) 594 - 6404,2910,2910,-1,-1,-1,-1,-1,-1
rencanamu-228,UNIVERSITAS NASIONAL,A,-,DKI JAKARTA,universitas-nasional-,https://rencanamu.id/cari-kampus/universitas-nasional-,-,Tel: (021) 7806700,9067,9067,-1,-1,-1,-1,-1,-1
rencanamu-229,UNIVERSITAS PAKUAN,B,-,JAWA BARAT,universitas-pakuan,https://rencanamu.id/cari-kampus/universitas-pakuan,-,Tel: +62251 831 2206,13178,13178,1275000,1275000,10200000,2550000,2550000,10200000
rencanamu-23,INSTITUT SAINS DAN TEKNOLOGI AKPRIND,-,-,DI YOGYAKARTA,institut-sains-dan-teknologi-akprind,https://rencanamu.id/cari-kampus/institut-sains-dan-teknologi-akprind,-,Tel: +62274 56 3029,3772,3772,1875000,1875000,15000000,3750000,3750000,15000000
rencanamu-230,UNIVERSITAS PAMULANG,C,-,BANTEN,universitas-pamulang,https://rencanamu.id/cari-kampus/universitas-pamulang,-,Tel: +6221 7470 9855,63475,63475,1650000,1650000,13200000,3300000,3300000,13200000
rencanamu-231,UNIVERSITAS PANCA BHAKTI,-,-,KALIMANTAN BARAT,universitas-panca-bhakti,https://rencanamu.id/cari-kampus/universitas-panca-bhakti,-,Tel: +62561 77 2677,4859,4859,1100000,1100000,8800000,2200000,2200000,8800000
rencanamu-232,UNIVERSITAS PANCA MARGA,-,-,JAWA TIMUR,universitas-panca-marga,https://rencanamu.id/cari-kampus/universitas-panca-marga,-,Tel: +62 335 42 2715,4240,4240,2000000,2000000,16000000,4000000,4000000,16000000
rencanamu-233,UNIVERSITAS PANCASAKTI TEGAL,-,-,JAWA TENGAH,universitas-pancasakti,https://rencanamu.id/cari-kampus/universitas-pancasakti,-,Tel: +62283 35 1082,4726,4726,-1,-1,-1,-1,-1,-1
rencanamu-234,UNIVERSITAS PANCASILA,A,-,DKI JAKARTA,universitas-pancasila,https://rencanamu.id/cari-kampus/universitas-pancasila,-,Tel: +6221 7888 0305,13024,13024,10587500,10587500,84700000,21175000,21175000,84700000
rencanamu-235,UNIVERSITAS PARAMADINA,B,-,DKI JAKARTA,universitas-paramadina,https://rencanamu.id/cari-kampus/universitas-paramadina,-,Tel: +6221 7918 1188,1598,1598,4000000,4000000,32000000,8000000,8000000,32000000
rencanamu-236,UNIVERSITAS PASUNDAN,A,-,JAWA BARAT,universitas-pasundan,https://rencanamu.id/cari-kampus/universitas-pasundan,-,Tel: +6222 420 5945,14385,14385,11000000,11000000,88000000,22000000,22000000,88000000
rencanamu-237,UNIVERSITAS PEKALONGAN,-,-,JAWA TENGAH,universitas-pekalongan,https://rencanamu.id/cari-kampus/universitas-pekalongan,-,Tel: +62285 42 1096,6477,6477,-1,-1,-1,-1,-1,-1
rencanamu-238,UNIVERSITAS PELITA HARAPAN,B,-,BANTEN,universitas-pelita-harapan,https://rencanamu.id/cari-kampus/universitas-pelita-harapan,-,Tel: +6221 546 0901,9854,9854,30500000,30500000,244000000,61000000,61000000,244000000
rencanamu-239,UNIVERSITAS PELITA HARAPAN SURABAYA,C,-,JAWA TIMUR,universitas-pelita-harapan-surabaya,https://rencanamu.id/cari-kampus/universitas-pelita-harapan-surabaya,-,Tel: +6231 5825 1007,416,416,9875000,9875000,79000000,19750000,19750000,79000000
rencanamu-24,INSTITUT SAINS DAN TEKNOLOGI NASIONAL,-,-,DKI JAKARTA,institut-sains-dan-teknologi-nasional,https://rencanamu.id/cari-kampus/institut-sains-dan-teknologi-nasional,-,Tel: +6221 727 0090,3214,3214,4750000,4750000,38000000,9500000,9500000,38000000
rencanamu-240,UNIVERSITAS PEMBANGUNAN JAYA TANGERANG,B,-,BANTEN,universitas-pembangunan-jaya-tangerang,https://rencanamu.id/cari-kampus/universitas-pembangunan-jaya-tangerang,-,Tel: +6274 555 555,2528,2528,3750000,3750000,30000000,7500000,7500000,30000000
rencanamu-241,UNIVERSITAS PEMBANGUNAN PANCA BUDI,B,-,SUMATERA UTARA,universitas-pembangunan-panca-budi,https://rencanamu.id/cari-kampus/universitas-pembangunan-panca-budi,-,Tel: +6261 845 5571,17661,17661,2312500,2312500,18500000,4625000,4625000,18500000
rencanamu-242,UNIVERSITAS PERSADA INDONESIA YAI,-,-,DKI JAKARTA,universitas-persada-indonesia-yai,https://rencanamu.id/cari-kampus/universitas-persada-indonesia-yai,-,Tel: +6221 392 6000,11481,11481,3550000,3550000,28400000,7100000,7100000,28400000
rencanamu-243,UNIVERSITAS PERTAMINA,-,-,DKI JAKARTA,universitas-pertamina,https://rencanamu.id/cari-kampus/universitas-pertamina,-,Tel: (021) 29044308,1198,1198,11750000,11750000,94000000,23500000,23500000,94000000
rencanamu-244,UNIVERSITAS PGRI ADI BUANA SURABAYA,-,-,JAWA TIMUR,universitas-pgri-adi-buana-surabaya,https://rencanamu.id/cari-kampus/universitas-pgri-adi-buana-surabaya,-,Tel: +6231 5041097,7264,7264,2000000,2000000,16000000,4000000,4000000,16000000
rencanamu-245,UNIVERSITAS PGRI MADIUN,B,-,JAWA TIMUR,ikip-pgri-madiun,https://rencanamu.id/cari-kampus/ikip-pgri-madiun,-,Tel: +62351 46 2986,5696,5696,3250000,3250000,26000000,6500000,6500000,26000000
rencanamu-246,UNIVERSITAS PGRI PALEMBANG,-,-,SUMATERA SELATAN,universitas-pgri-palembang,https://rencanamu.id/cari-kampus/universitas-pgri-palembang,-,Tel: +62711 51 0043,6838,6838,1547500,1547500,12380000,3095000,3095000,12380000
rencanamu-247,UNIVERSITAS PGRI SEMARANG,-,-,JAWA TENGAH,universitas-pgri-semarang,https://rencanamu.id/cari-kampus/universitas-pgri-semarang,-,Tel: +6224 831 6377,9370,9370,8450000,8450000,67600000,16900000,16900000,67600000
rencanamu-248,UNIVERSITAS PGRI YOGYAKARTA,-,-,DI YOGYAKARTA,universitas-pgri-yogyakarta,https://rencanamu.id/cari-kampus/universitas-pgri-yogyakarta,-,Tel: +62274 37 6808,4955,4955,650000,650000,5200000,1300000,1300000,5200000
rencanamu-249,UNIVERSITAS PRASETIYA MULYA,-,-,BANTEN,universitas-prasetiya-mulya,https://rencanamu.id/cari-kampus/universitas-prasetiya-mulya,-,Tel: (021) 304-50-500,1003,1003,11500000,11500000,92000000,23000000,23000000,92000000
rencanamu-25,INSTITUT SAINS DAN TEKNOLOGI TD PARDEDE,-,-,SUMATERA UTARA,institut-sains-dan-teknologi-td-pardede,https://rencanamu.id/cari-kampus/institut-sains-dan-teknologi-td-pardede,-,Tel: +6261 456 9877,1342,1342,4875000,4875000,39000000,9750000,9750000,39000000
rencanamu-250,UNIVERSITAS PRIMA INDONESIA,B,-,SUMATERA UTARA,universitas-prima-indonesia,https://rencanamu.id/cari-kampus/universitas-prima-indonesia,-,Tel: +6261 457 8870,39363,39363,-1,-1,-1,-1,-1,-1
rencanamu-251,UNIVERSITAS PROF. DR. MOESTOPO,-,-,DKI JAKARTA,universitas-prof-dr-moestopo,https://rencanamu.id/cari-kampus/universitas-prof-dr-moestopo,-,Tel: +6221 739 5333,5765,5765,3000000,3000000,24000000,6000000,6000000,24000000
rencanamu-252,UNIVERSITAS PROKLAMASI 45 YOGYAKARTA,-,-,DI YOGYAKARTA,universitas-proklamasi-45-yogyakarta,https://rencanamu.id/cari-kampus/universitas-proklamasi-45-yogyakarta,-,Tel: +62274 48 5517,1252,1252,2250000,2250000,18000000,4500000,4500000,18000000
rencanamu-253,UNIVERSITAS PUTRA INDONESIA YPTK PADANG,-,-,SUMATERA BARAT,universitas-putra-indonesia-yptk-padang,https://rencanamu.id/cari-kampus/universitas-putra-indonesia-yptk-padang,-,Tel: +62751 77 6666,9962,9962,2450000,2450000,19600000,4900000,4900000,19600000
rencanamu-254,UNIVERSITAS QUALITY,-,-,SUMATERA UTARA,universitas-quality,https://rencanamu.id/cari-kampus/universitas-quality,-,Tel: +6261 8004 7003,2815,2815,3550000,3550000,28400000,7100000,7100000,28400000
rencanamu-255,UNIVERSITAS RESPATI YOGYAKARTA,-,-,DI YOGYAKARTA,universitas-respati-yogyakarta,https://rencanamu.id/cari-kampus/universitas-respati-yogyakarta,-,Tel: +62274 48 8781,4430,4430,-1,-1,-1,-1,-1,-1
rencanamu-256,UNIVERSITAS SAHID JAKARTA,B,-,DKI JAKARTA,universitas-sahid-jakarta,https://rencanamu.id/cari-kampus/universitas-sahid-jakarta,-,Tel: +6221 83785303,4056,4056,7250000,7250000,58000000,14500000,14500000,58000000
rencanamu-257,UNIVERSITAS SAINS AL,-,-,JAWA TENGAH,universitas-sains-al-qur-an,https://rencanamu.id/cari-kampus/universitas-sains-al-qur-an,-,Tel: +62286 32 1873,2443,2443,400000,400000,3200000,800000,800000,3200000
rencanamu-258,UNIVERSITAS SAINS DAN TEKNOLOGI JAYAPURA,-,-,PAPUA,universitas-sains-dan-teknologi-jayapura,https://rencanamu.id/cari-kampus/universitas-sains-dan-teknologi-jayapura,-,Tel: +62967 58 1659,5722,5722,1750000,1750000,14000000,3500000,3500000,14000000
rencanamu-259,UNIVERSITAS SANATA DHARMA,A,-,DI YOGYAKARTA,universitas-sanata-dharma,https://rencanamu.id/cari-kampus/universitas-sanata-dharma,-,Tel: +62274 51 3301,10219,10219,1400000,1400000,11200000,2800000,2800000,11200000
rencanamu-26,INSTITUT SAINS TERAPAN DAN TEKNOLOGI SURABAYA,-,-,JAWA TIMUR,institut-sains-terapan-dan-teknologi-surabaya,https://rencanamu.id/cari-kampus/institut-sains-terapan-dan-teknologi-surabaya,-,Tel: +6231 5027920,875,875,1500000,1500000,12000000,3000000,3000000,12000000
rencanamu-260,UNIVERSITAS SARJANAWIYATA TAMANSISWA,B,-,DI YOGYAKARTA,universitas-sarjanawiyata-tamansiswa,https://rencanamu.id/cari-kampus/universitas-sarjanawiyata-tamansiswa,-,Tel: +62274 56 2265,7421,7421,1100000,1100000,8800000,2200000,2200000,8800000
rencanamu-261,UNIVERSITAS SATYA NEGARA INDONESIA,B,-,DKI JAKARTA,universitas-satya-negara-indonesia,https://rencanamu.id/cari-kampus/universitas-satya-negara-indonesia,-,Tel: +6221 739 8393,4223,4223,3500000,3500000,28000000,7000000,7000000,28000000
rencanamu-262,UNIVERSITAS SATYAGAMA,-,-,DKI JAKARTA,universitas-satyagama,https://rencanamu.id/cari-kampus/universitas-satyagama,-,Tel: +6221 545 2377,4631,4631,750000,750000,6000000,1500000,1500000,6000000
rencanamu-263,UNIVERSITAS SEMARANG,B,-,JAWA TENGAH,universitas-semarang,https://rencanamu.id/cari-kampus/universitas-semarang,-,Tel: +6224 670 2757,19796,19796,1287500,1287500,10300000,2575000,2575000,10300000
rencanamu-264,UNIVERSITAS SERAMBI MEKKAH,-,-,ACEH,universitas-serambi-mekkah,https://rencanamu.id/cari-kampus/universitas-serambi-mekkah,-,Tel: +62651 26160,13035,13035,-1,-1,-1,-1,-1,-1
rencanamu-265,UNIVERSITAS SERANG RAYA,B,-,BANTEN,universitas-serang-raya,https://rencanamu.id/cari-kampus/universitas-serang-raya,-,Tel: +62254 823 5007,8861,8861,1455000,1455000,11640000,2910000,2910000,11640000
rencanamu-266,UNIVERSITAS SIMALUNGUN,-,-,SUMATERA UTARA,universitas-simalungun,https://rencanamu.id/cari-kampus/universitas-simalungun,-,Tel: +0622 2 4670,5874,5874,-1,-1,-1,-1,-1,-1
rencanamu-267,UNIVERSITAS STIKUBANK,-,-,JAWA TENGAH,universitas-stikubank,https://rencanamu.id/cari-kampus/universitas-stikubank,-,Tel: +6224 845 1976,3198,3198,8250000,8250000,66000000,16500000,16500000,66000000
rencanamu-268,UNIVERSITAS SURABAYA,A,-,JAWA TIMUR,universitas-surabaya,https://rencanamu.id/cari-kampus/universitas-surabaya,-,Tel: +6231 298 1000,11132,11132,-1,-1,-1,-1,-1,-1
rencanamu-269,UNIVERSITAS SWADAYA GUNUNG DJATI,B,-,JAWA BARAT,universitas-swadaya-gunung-djati,https://rencanamu.id/cari-kampus/universitas-swadaya-gunung-djati,-,Tel: +6231 20 6558,6317,6317,-1,-1,-1,-1,-1,-1
rencanamu-27,INSTITUT TEKNOLOGI ADHI TAMA SURABAYA,-,-,JAWA TIMUR,institut-teknologi-adhi-tama-surabaya,https://rencanamu.id/cari-kampus/institut-teknologi-adhi-tama-surabaya,-,Tel: +6231 594 5043,4292,4292,950000,950000,7600000,1900000,1900000,7600000
rencanamu-270,UNIVERSITAS SWISS GERMAN,-,-,BANTEN,universitas-swiss-german,https://rencanamu.id/cari-kampus/universitas-swiss-german,-,Tel: +6221 537 6221,868,868,29500000,29500000,236000000,59000000,59000000,236000000
rencanamu-271,UNIVERSITAS TARUMANAGARA,A,-,DKI JAKARTA,universitas-tarumanagara,https://rencanamu.id/cari-kampus/universitas-tarumanagara,-,Tel: +6221 5695 8723,12556,12556,10300000,10300000,82400000,20600000,20600000,82400000
rencanamu-272,UNIVERSITAS TEKNOLOGI YOGYAKARTA,B,-,DI YOGYAKARTA,universitas-teknologi-yogyakarta,https://rencanamu.id/cari-kampus/universitas-teknologi-yogyakarta,-,Tel: +62274 62 3310,8308,8308,1350000,1350000,10800000,2700000,2700000,10800000
rencanamu-273,UNIVERSITAS TRIBHUWANA TUNGGA DEWI,C,-,JAWA TIMUR,universitas-tribhuwana-tungga-dewi,https://rencanamu.id/cari-kampus/universitas-tribhuwana-tungga-dewi,-,Tel: +62341 56 5500,6903,6903,-1,-1,-1,-1,-1,-1
rencanamu-274,UNIVERSITAS TRIDINANTI,-,-,SUMATERA SELATAN,universitas-tridinanti,https://rencanamu.id/cari-kampus/universitas-tridinanti,-,Tel: +62711 35 5961,6324,6324,3500000,3500000,28000000,7000000,7000000,28000000
rencanamu-275,UNIVERSITAS TRILOGI,B,-,DKI JAKARTA,universitas-trilogi-d-h-stekpi-,https://rencanamu.id/cari-kampus/universitas-trilogi-d-h-stekpi-,-,Tel: +6221 798 0011,1913,1913,2906250,2906250,23250000,5812500,5812500,23250000
rencanamu-276,UNIVERSITAS TRISAKTI,A,-,DKI JAKARTA,universitas-trisakti,https://rencanamu.id/cari-kampus/universitas-trisakti,-,Tel: +6221 566 3232,17343,17343,12000000,12000000,96000000,24000000,24000000,96000000
rencanamu-277,UNIVERSITAS WAHID HASYIM,-,-,JAWA TENGAH,universitas-wahid-hasyim,https://rencanamu.id/cari-kampus/universitas-wahid-hasyim,-,Tel: +6224 850 5680,4532,4532,825000,825000,6600000,1650000,1650000,6600000
rencanamu-278,UNIVERSITAS WIDYA MATARAM,-,-,DI YOGYAKARTA,universitas-widya-mataram,https://rencanamu.id/cari-kampus/universitas-widya-mataram,-,Tel: +62274 37 4352,2321,2321,2125000,2125000,17000000,4250000,4250000,17000000
rencanamu-279,UNIVERSITAS WIDYATAMA,B,-,JAWA BARAT,universitas-widyatama,https://rencanamu.id/cari-kampus/universitas-widyatama,-,Tel: +6222 727 5855,8110,8110,5050000,5050000,40400000,10100000,10100000,40400000
rencanamu-28,INSTITUT TEKNOLOGI BUDI UTOMO,-,-,DKI JAKARTA,institut-teknologi-budi-utomo,https://rencanamu.id/cari-kampus/institut-teknologi-budi-utomo,-,Tel: (021) 8611849,2136,2136,-1,-1,-1,-1,-1,-1
rencanamu-280,UNIVERSITAS WIJAYA KUSUMA SURABAYA,B,-,JAWA TIMUR,universitas-wijaya-kusuma-surabaya,https://rencanamu.id/cari-kampus/universitas-wijaya-kusuma-surabaya,-,Tel: +6231 5677577,6666,6666,2850000,2850000,22800000,5700000,5700000,22800000
rencanamu-281,UNIVERSITAS WIJAYA PUTRA SURABAYA,-,-,JAWA TIMUR,universitas-wijaya-putra-surabaya,https://rencanamu.id/cari-kampus/universitas-wijaya-putra-surabaya,-,Tel: +6231 7404404,3620,3620,1250000,1250000,10000000,2500000,2500000,10000000
rencanamu-282,UNIVERSITAS WIRALODRA,-,-,JAWA BARAT,universitas-wiralodra,https://rencanamu.id/cari-kampus/universitas-wiralodra,-,Tel: +6223 427 5946,4947,4947,-1,-1,-1,-1,-1,-1
rencanamu-283,UNIVERSITAS YARSI,B,-,DKI JAKARTA,universitas-yarsi,https://rencanamu.id/cari-kampus/universitas-yarsi,-,Tel: +6221 421 3065,4068,4068,3400000,3400000,27200000,6800000,6800000,27200000
rencanamu-29,INSTITUT TEKNOLOGI DAN BISNIS KALBIS,C,-,DKI JAKARTA,institut-teknologi-dan-bisnis-kalbis,https://rencanamu.id/cari-kampus/institut-teknologi-dan-bisnis-kalbis,-,Tel: +6221 4788 3900,2052,2052,10250000,10250000,82000000,20500000,20500000,82000000
rencanamu-3,AKADEMI KOMUNIKASI BINA SARANA INFORMATIKA JAKARTA,-,-,DKI JAKARTA,akademi-komunikasi-bina-sarana-informatika-jakarta,https://rencanamu.id/cari-kampus/akademi-komunikasi-bina-sarana-informatika-jakarta,-,Tel: +621 750 0282,144,144,2030000,2030000,16240000,4060000,4060000,16240000
rencanamu-30,INSTITUT TEKNOLOGI DAN SAINS BANDUNG,C,-,JAWA BARAT,institut-teknologi-dan-sains-bandung,https://rencanamu.id/cari-kampus/institut-teknologi-dan-sains-bandung,-,Tel: 08892668668,643,643,3250000,3250000,26000000,6500000,6500000,26000000
rencanamu-31,INSTITUT TEKNOLOGI HARAPAN BANGSA,-,-,JAWA BARAT,institut-teknologi-harapan-bangsa,https://rencanamu.id/cari-kampus/institut-teknologi-harapan-bangsa,-,Tel: 022-2506636,924,924,121700000,121700000,973600000,243400000,243400000,973600000
rencanamu-32,INSTITUT TEKNOLOGI INDONESIA,-,-,BANTEN,institut-teknologi-indonesia,https://rencanamu.id/cari-kampus/institut-teknologi-indonesia,-,Tel: +6221 756 1102,2973,2973,4975000,4975000,39800000,9950000,9950000,39800000
rencanamu-33,INSTITUT TEKNOLOGI MEDAN,-,-,SUMATERA UTARA,institut-teknologi-medan,https://rencanamu.id/cari-kampus/institut-teknologi-medan,-,Tel: +6261 736 3771,5427,5427,2050000,2050000,16400000,4100000,4100000,16400000
rencanamu-34,INSTITUT TEKNOLOGI NASIONAL,B,-,JAWA BARAT,institut-teknologi-nasional,https://rencanamu.id/cari-kampus/institut-teknologi-nasional,-,Tel: +6222 727 2215,7025,7025,8362500,8362500,66900000,16725000,16725000,66900000
rencanamu-35,INSTITUT TEKNOLOGI NASIONAL MALANG,-,-,JAWA TIMUR,institut-teknologi-nasional-malang,https://rencanamu.id/cari-kampus/institut-teknologi-nasional-malang,-,Tel: +62341 55 1431,4393,4393,7500000,7500000,60000000,15000000,15000000,60000000
rencanamu-36,INSTITUT TEKNOLOGI PLN,B,-,DKI JAKARTA,sekolah-tinggi-teknik-pln,https://rencanamu.id/cari-kampus/sekolah-tinggi-teknik-pln,-,Tel: +6221 544 0342,1664,1664,7000000,7000000,56000000,14000000,14000000,56000000
rencanamu-37,INSTITUT TEKNOLOGI TELKOM PURWOKERTO,-,-,JAWA TENGAH,institut-teknologi-telkom-purwokerto,https://rencanamu.id/cari-kampus/institut-teknologi-telkom-purwokerto,-,Tel: (0281) 641629,-1,-1,-1,-1,-1,-1,-1,-1
rencanamu-38,INTERNATIONAL DESIGN SCHOOL,-,-,DKI JAKARTA,international-design-school,https://rencanamu.id/cari-kampus/international-design-school,-,Tel: 0811 1777 009,-1,-1,-1,-1,-1,-1,-1,-1
rencanamu-39,LONDON SCHOOL OF PUBLIC RELATIONS,A,-,DKI JAKARTA,london-school-of-public-relations,https://rencanamu.id/cari-kampus/london-school-of-public-relations,-,Tel: 021-2512277,-1,-1,26250000,26250000,210000000,52500000,52500000,210000000
rencanamu-4,AKADEMI MANAJEMEN INFORMATIKA DAN KOMPUTER BINA SARANA INFORMATIKA JAKARTA,-,-,DKI JAKARTA,akademi-manajemen-informatika-dan-komputer-bina-sarana-informatika-jakarta,https://rencanamu.id/cari-kampus/akademi-manajemen-informatika-dan-komputer-bina-sarana-informatika-jakarta,-,Tel: +621 750 0282,23724,23724,2500000,2500000,20000000,5000000,5000000,20000000
rencanamu-40,POLITEKNIK HARAPAN BERSAMA,-,-,JAWA TENGAH,politeknik-harapan-bersama,https://rencanamu.id/cari-kampus/politeknik-harapan-bersama,-,Tel: +62283 35 2000,3136,3136,2000000,2000000,16000000,4000000,4000000,16000000
rencanamu-41,POLITEKNIK INTERNASIONAL BALI,-,-,BALI,politeknik-internasional-bali,https://rencanamu.id/cari-kampus/politeknik-internasional-bali,-,Tel: (0361) 880099,-1,-1,-1,-1,-1,-1,-1,-1
rencanamu-42,POLITEKNIK LP3I BANDUNG,-,-,JAWA BARAT,politeknik-lp3i-bandung,https://rencanamu.id/cari-kampus/politeknik-lp3i-bandung,-,Tel: +6222 250 6500,6316,6316,1525000,1525000,12200000,3050000,3050000,12200000
rencanamu-43,POLITEKNIK LP3I JAKARTA,-,-,DKI JAKARTA,politeknik-lp3i-jakarta,https://rencanamu.id/cari-kampus/politeknik-lp3i-jakarta,-,Tel: +6221 3190 4598,8076,8076,-1,-1,-1,-1,-1,-1
rencanamu-44,POLITEKNIK MANUFAKTUR ASTRA,B,-,DKI JAKARTA,politeknik-manufaktur-astra,https://rencanamu.id/cari-kampus/politeknik-manufaktur-astra,-,Tel: +62 216 519 555,561,561,7500000,7500000,60000000,15000000,15000000,60000000
rencanamu-45,POLITEKNIK PIKSI GANESHA,-,-,JAWA BARAT,politeknik-piksi-ganesha,https://rencanamu.id/cari-kampus/politeknik-piksi-ganesha,-,Tel: +6222 8734 0030,4984,4984,2550000,2550000,20400000,5100000,5100000,20400000
rencanamu-46,POLITEKNIK PRATAMA MULIA SURAKARTA,-,-,JAWA TENGAH,politeknik-pratama-mulia-surakarta,https://rencanamu.id/cari-kampus/politeknik-pratama-mulia-surakarta,-,Tel: +62271 71 2637,781,781,2400000,2400000,19200000,4800000,4800000,19200000
rencanamu-47,POLITEKNIK SAHID,A,-,BANTEN,politeknik-sahid-pariwisata,https://rencanamu.id/cari-kampus/politeknik-sahid-pariwisata,-,Tel: (021) 7402329,2600,2600,11950000,11950000,95600000,23900000,23900000,95600000
rencanamu-48,POLITEKNIK TONGGAK EQUATOR,C,-,KALIMANTAN BARAT,politeknik-tonggak-equator,https://rencanamu.id/cari-kampus/politeknik-tonggak-equator,-,Tel: (0561)767884,-1,-1,-1,-1,-1,-1,-1,-1
rencanamu-49,PPM SCHOOL OF MANAGEMENT,A,-,DKI JAKARTA,sekolah-tinggi-manajemen-ppm,https://rencanamu.id/cari-kampus/sekolah-tinggi-manajemen-ppm,-,Tel: +6221 230 0313,938,938,11750000,11750000,94000000,23500000,23500000,94000000
rencanamu-5,AKADEMI MANAJEMEN KEUANGAN BINA SARANA INFORMATIKA JAKARTA,-,-,DKI JAKARTA,akademi-manajemen-keuangan-bina-sarana-informatika-jakarta,https://rencanamu.id/cari-kampus/akademi-manajemen-keuangan-bina-sarana-informatika-jakarta,-,Tel: +621 736 5715,890,890,2500000,2500000,20000000,5000000,5000000,20000000
rencanamu-50,PRADITA UNIVERSITY,-,-,BANTEN,institut-sains-dan-teknologi-pradita,https://rencanamu.id/cari-kampus/institut-sains-dan-teknologi-pradita,-,Tel: (021) 2967 3618,1466,1466,-1,-1,-1,-1,-1,-1
rencanamu-51,PRESIDENT UNIVERSITY,A,-,JAWA BARAT,president-university,https://rencanamu.id/cari-kampus/president-university,-,Tel: +6221 8910 9762,3910,3910,18000000,18000000,144000000,36000000,36000000,144000000
rencanamu-52,RAFFLES COLLEGE INDONESIA,-,-,DKI JAKARTA,raffles-college-indonesia,https://rencanamu.id/cari-kampus/raffles-college-indonesia,-,Tel: +6221 565 4969,-1,-1,-1,-1,-1,-1,-1,-1
rencanamu-53,SAE INDONESIA,B,-,DKI JAKARTA,sae-indonesia,https://rencanamu.id/cari-kampus/sae-indonesia,-,Tel: 0217890145,150,150,-1,-1,-1,-1,-1,-1
rencanamu-54,SAMPOERNA UNIVERSITY,-,-,DKI JAKARTA,sampoerna-university,https://rencanamu.id/cari-kampus/sampoerna-university,-,Tel: +62821 62 800 800,102,102,357500000,357500000,2860000000,715000000,715000000,2860000000
rencanamu-55,SEKOLAH TINGGI DESAIN INTERSTUDI,B,-,DKI JAKARTA,sekolah-tinggi-desain-interstudi,https://rencanamu.id/cari-kampus/sekolah-tinggi-desain-interstudi,-,Tel: 021-71793985,489,489,6500000,6500000,52000000,13000000,13000000,52000000
rencanamu-56,SEKOLAH TINGGI DESAIN LA SALLE,-,-,DKI JAKARTA,sekolah-tinggi-desain-la-salle,https://rencanamu.id/cari-kampus/sekolah-tinggi-desain-la-salle,-,-,117,117,17500000,17500000,140000000,35000000,35000000,140000000
rencanamu-57,SEKOLAH TINGGI HUKUM BANDUNG,A,-,JAWA BARAT,sekolah-tinggi-hukum-bandung,https://rencanamu.id/cari-kampus/sekolah-tinggi-hukum-bandung,-,Tel: ( 022 ) 4203236,-1,-1,6250000,6250000,50000000,12500000,12500000,50000000
rencanamu-58,SEKOLAH TINGGI ILMU EKONOMI INDONESIA,-,-,DKI JAKARTA,sekolah-tinggi-ilmu-ekonomi-indonesia,https://rencanamu.id/cari-kampus/sekolah-tinggi-ilmu-ekonomi-indonesia,-,Tel: +6221 475 0321,4620,4620,5250000,5250000,42000000,10500000,10500000,42000000
rencanamu-59,SEKOLAH TINGGI ILMU EKONOMI YKPN,-,-,DI YOGYAKARTA,sekolah-tinggi-ilmu-ekonomi-ykpn,https://rencanamu.id/cari-kampus/sekolah-tinggi-ilmu-ekonomi-ykpn,-,Tel: +62274 48 6160,3674,3674,2200000,2200000,17600000,4400000,4400000,17600000
rencanamu-6,AKADEMI PARIWISATA BSI YOGYAKARTA,-,-,DI YOGYAKARTA,akademi-pariwisata-bsi-yogyakarta,https://rencanamu.id/cari-kampus/akademi-pariwisata-bsi-yogyakarta,-,Tel: +62274 434 2536,117,117,1430000,1430000,11440000,2860000,2860000,11440000
rencanamu-60,SEKOLAH TINGGI ILMU HUKUM INDONESIA JENTERA,C,-,DKI JAKARTA,sekolah-tinggi-ilmu-hukum-indonesia-jentera,https://rencanamu.id/cari-kampus/sekolah-tinggi-ilmu-hukum-indonesia-jentera,-,Tel: 021 8302070,-1,-1,-1,-1,-1,-1,-1,-1
rencanamu-61,SEKOLAH TINGGI ILMU KOMUNIKASI,-,-,JAWA TIMUR,sekolah-tinggi-ilmu-komunikasi-almamater-wartawan-surabaya,https://rencanamu.id/cari-kampus/sekolah-tinggi-ilmu-komunikasi-almamater-wartawan-surabaya,-,Tel: +6231 592 2018,-1,-1,3375000,3375000,27000000,6750000,6750000,27000000
rencanamu-62,SEKOLAH TINGGI ILMU KOMUNIKASI DAN SEKRETARIS TARAKANITA,-,-,DKI JAKARTA,sekolah-tinggi-ilmu-komunikasi-dan-sekretaris-tarakanita,https://rencanamu.id/cari-kampus/sekolah-tinggi-ilmu-komunikasi-dan-sekretaris-tarakanita,-,Tel: +6221 864 9870,915,915,4000000,4000000,32000000,8000000,8000000,32000000
rencanamu-63,SEKOLAH TINGGI MANAJEMEN IMMI,-,-,DKI JAKARTA,sekolah-tinggi-manajemen-immi,https://rencanamu.id/cari-kampus/sekolah-tinggi-manajemen-immi,-,Tel: +6221 781 7823,1528,1528,950000,950000,7600000,1900000,1900000,7600000
rencanamu-64,SEKOLAH TINGGI MANAJEMEN INFORMATIKA & KOMPUTER IDS,-,-,DKI JAKARTA,sekolah-tinggi-manajemen-informatika-komputer-ids,https://rencanamu.id/cari-kampus/sekolah-tinggi-manajemen-informatika-komputer-ids,-,Tel: 021-7995005,273,273,-1,-1,-1,-1,-1,-1
rencanamu-65,SEKOLAH TINGGI MANAJEMEN INFORMATIKA DAN KOMPUTER,-,-,DI YOGYAKARTA,sekolah-tinggi-manajemen-informatika-dan-komputer,https://rencanamu.id/cari-kampus/sekolah-tinggi-manajemen-informatika-dan-komputer,-,Tel: +62274 88 4201,8515,8515,1175000,1175000,9400000,2350000,2350000,9400000
rencanamu-66,SEKOLAH TINGGI MANAJEMEN INFORMATIKA DAN KOMPUTER AMIK BANDUNG,C,-,JAWA BARAT,sekolah-tinggi-manajemen-informatika-dan-komputer-amik-bandung,https://rencanamu.id/cari-kampus/sekolah-tinggi-manajemen-informatika-dan-komputer-amik-bandung,-,Tel: 022-7271136,607,607,-1,-1,-1,-1,-1,-1
rencanamu-67,SEKOLAH TINGGI MANAJEMEN INFORMATIKA DAN KOMPUTER NUSA MANDIRI,-,-,BANTEN,sekolah-tinggi-manajemen-informatika-dan-komputer-nusa-mandiri,https://rencanamu.id/cari-kampus/sekolah-tinggi-manajemen-informatika-dan-komputer-nusa-mandiri,-,Tel: +6621 3190 8575,8665,8665,1900000,1900000,15200000,3800000,3800000,15200000
rencanamu-68,SEKOLAH TINGGI MANAJEMEN INFORMATIKA DAN TEKNIK KOMPUTER SURABAYA,-,-,JAWA TIMUR,sekolah-tinggi-manajemen-informatika-dan-teknik-komputer-surabaya,https://rencanamu.id/cari-kampus/sekolah-tinggi-manajemen-informatika-dan-teknik-komputer-surabaya,-,Tel: +6231 8721731,1641,1641,8050000,8050000,64400000,16100000,16100000,64400000
rencanamu-69,SEKOLAH TINGGI MANAJEMEN RISIKO DAN ASURANSI,C,-,DKI JAKARTA,sekolah-tinggi-manajemen-risiko-dan-asuransi,https://rencanamu.id/cari-kampus/sekolah-tinggi-manajemen-risiko-dan-asuransi,-,Tel: 021-4894723,273,273,-1,-1,-1,-1,-1,-1
rencanamu-7,AKADEMI PARIWISATA NHI BANDUNG,-,-,JAWA BARAT,akademi-pariwisata-nhi-bandung,https://rencanamu.id/cari-kampus/akademi-pariwisata-nhi-bandung,-,Tel: (022) 2040921,1284,1284,-1,-1,-1,-1,-1,-1
rencanamu-70,SEKOLAH TINGGI PARIWISATA AMBARRUKMO YOGYAKARTA,B,-,DI YOGYAKARTA,sekolah-tinggi-pariwisata-ambarrukmo-yogyakarta,https://rencanamu.id/cari-kampus/sekolah-tinggi-pariwisata-ambarrukmo-yogyakarta,-,Tel: +62274 48 5650,2736,2736,1500000,1500000,12000000,3000000,3000000,12000000
rencanamu-71,SEKOLAH TINGGI PARIWISATA TRISAKTI,B,-,DKI JAKARTA,sekolah-tinggi-pariwisata-trisakti,https://rencanamu.id/cari-kampus/sekolah-tinggi-pariwisata-trisakti,-,Tel: +62-21-737 77 38,2453,2453,-1,-1,-1,-1,-1,-1
rencanamu-72,SEKOLAH TINGGI TEKNOLOGI NASIONAL,-,-,DI YOGYAKARTA,sekolah-tinggi-teknologi-nasional,https://rencanamu.id/cari-kampus/sekolah-tinggi-teknologi-nasional,-,Tel: +62274 48 5390,3194,3194,1250000,1250000,10000000,2500000,2500000,10000000
rencanamu-73,SEKOLAH TINGGI TEKNOLOGI TERPADU NURUL FIKRI,C,-,DKI JAKARTA,sekolah-tinggi-teknologi-terpadu-nurul-fikri,https://rencanamu.id/cari-kampus/sekolah-tinggi-teknologi-terpadu-nurul-fikri,-,-,499,499,-1,-1,-1,-1,-1,-1
rencanamu-74,STIE BISNIS INDONESIA,-,-,DKI JAKARTA,stie-bisnis-indonesia,https://rencanamu.id/cari-kampus/stie-bisnis-indonesia,-,Tel: +6221 530 7009,4335,4335,2000000,2000000,16000000,4000000,4000000,16000000
rencanamu-75,STIE INDONESIA BANJARMASIN,B,-,KALIMANTAN SELATAN,stie-indonesia-banjarmasin,https://rencanamu.id/cari-kampus/stie-indonesia-banjarmasin,-,Tel: (0511) 3304652,-1,-1,-1,-1,-1,-1,-1,-1
rencanamu-76,STIE INDONESIA BANKING SCHOOL,B,-,DKI JAKARTA,stie-indonesia-banking-school,https://rencanamu.id/cari-kampus/stie-indonesia-banking-school,-,Tel: 021-7195474,1304,1304,11000000,11000000,88000000,22000000,22000000,88000000
rencanamu-77,STIE MAHARDHIKA,-,-,JAWA TIMUR,stie-mahardhika,https://rencanamu.id/cari-kampus/stie-mahardhika,-,Tel: +6231 855 0099,7041,7041,1500000,1500000,12000000,3000000,3000000,12000000
rencanamu-78,STIE PERBANAS SURABAYA,A,-,JAWA TIMUR,stie-perbanas-surabaya,https://rencanamu.id/cari-kampus/stie-perbanas-surabaya,-,Tel: 031-5947151,-1,-1,-1,-1,-1,-1,-1,-1
rencanamu-79,STIMIK,-,-,BALI,stimik-stikom-bali,https://rencanamu.id/cari-kampus/stimik-stikom-bali,-,Tel: +62361 25 6995,2000,2000,4042500,4042500,32340000,8085000,8085000,32340000
rencanamu-8,AKADEMI TELEKOMUNIKASI SANDHY PUTRA JAKARTA,B,-,DKI JAKARTA,akademi-telekomunikasi-sandhy-putra-jakarta,https://rencanamu.id/cari-kampus/akademi-telekomunikasi-sandhy-putra-jakarta,-,Tel: (021) 5451697,620,620,-1,-1,-1,-1,-1,-1
rencanamu-80,STKIP BIMA,-,-,NUSA TENGGARA BARAT,stkip-bima,https://rencanamu.id/cari-kampus/stkip-bima,-,Tel: +62374 4 2891,606,606,-1,-1,-1,-1,-1,-1
rencanamu-81,STKIP PANCA SAKTI BEKASI,-,-,JAWA BARAT,stkip-panca-sakti-bekasi,https://rencanamu.id/cari-kampus/stkip-panca-sakti-bekasi,-,Tel: +6221 8497 9181,6811,6811,-1,-1,-1,-1,-1,-1
rencanamu-82,STKIP PGRI JOMBANG,-,-,JAWA TIMUR,stkip-pgri-jombang,https://rencanamu.id/cari-kampus/stkip-pgri-jombang,-,Tel: +62321 8 6319,3217,3217,2050000,2050000,16400000,4100000,4100000,16400000
rencanamu-83,STKIP SILIWANGI,-,-,JAWA BARAT,stkip-siliwangi,https://rencanamu.id/cari-kampus/stkip-siliwangi,-,Tel: +6222 665 8680,3844,3844,-1,-1,-1,-1,-1,-1
rencanamu-84,STMIK TRIGUNA DHARMA,B,-,SUMATERA UTARA,stmik-triguna-dharma,https://rencanamu.id/cari-kampus/stmik-triguna-dharma,-,Tel: +6261 822 4051,4606,4606,-1,-1,-1,-1,-1,-1
rencanamu-85,TANRI ABENG UNIVERSITY,-,-,DKI JAKARTA,tanri-abeng-university,https://rencanamu.id/cari-kampus/tanri-abeng-university,-,Tel: +62 21 5890 8888,304,304,-1,-1,-1,-1,-1,-1
rencanamu-86,TELKOM UNIVERSITY,A,-,JAWA BARAT,telkom-university,https://rencanamu.id/cari-kampus/telkom-university,-,Tel: +6222 756 4108,18425,18425,11000000,11000000,88000000,22000000,22000000,88000000
rencanamu-87,TRISAKTI SCHOOL OF MANAGEMENT,A,-,DKI JAKARTA,trisakti-school-of-management,https://rencanamu.id/cari-kampus/trisakti-school-of-management,-,Tel: (021) 56965427,3533,3533,13250000,13250000,106000000,26500000,26500000,106000000
rencanamu-88,UNIVERSITAS 17 AGUSTUS 1945 JAKARTA,-,-,DKI JAKARTA,universitas-17-agustus-1945-jakarta,https://rencanamu.id/cari-kampus/universitas-17-agustus-1945-jakarta,-,Tel: +6221 6471 5666,1914,1914,2500000,2500000,20000000,5000000,5000000,20000000
rencanamu-89,UNIVERSITAS 17 AGUSTUS 1945 SAMARINDA,-,-,KALIMANTAN TIMUR,universitas-17-agustus-1945-samarinda,https://rencanamu.id/cari-kampus/universitas-17-agustus-1945-samarinda,-,Tel: +62541 74 3390,6295,6295,3697500,3697500,29580000,7395000,7395000,29580000
rencanamu-9,BINUS UNIVERSITY,A,-,DKI JAKARTA,binus-university,https://rencanamu.id/cari-kampus/binus-university,-,Tel: 0804 1 696969,42305,42305,17650000,17650000,141200000,35300000,35300000,141200000
rencanamu-90,UNIVERSITAS 17 AGUSTUS 1945 SEMARANG,-,-,JAWA TENGAH,universitas-17-agustus-1945-semarang,https://rencanamu.id/cari-kampus/universitas-17-agustus-1945-semarang,-,Tel: +6224 844 1771,5241,5241,3050000,3050000,24400000,6100000,6100000,24400000
rencanamu-91,UNIVERSITAS 17 AGUSTUS 1945 SURABAYA,A,-,JAWA TIMUR,universitas-17-agustus-1945-surabaya,https://rencanamu.id/cari-kampus/universitas-17-agustus-1945-surabaya,-,Tel: +6231 593 1800,10443,10443,3750000,3750000,30000000,7500000,7500000,30000000
rencanamu-92,UNIVERSITAS ABDURACHMAN SALEH,B,-,JAWA TIMUR,universitas-abdurachman-saleh,https://rencanamu.id/cari-kampus/universitas-abdurachman-saleh,-,Tel: (0338) 671191,-1,-1,-1,-1,-1,-1,-1,-1
rencanamu-93,UNIVERSITAS ADVENT INDONESIA,B,-,JAWA BARAT,universitas-advent-indonesia,https://rencanamu.id/cari-kampus/universitas-advent-indonesia,-,Tel: +62 (22) 2700163,-1,-1,-1,-1,-1,-1,-1,-1
rencanamu-94,UNIVERSITAS AGUNG PODOMORO,-,-,DKI JAKARTA,universitas-agung-podomoro,https://rencanamu.id/cari-kampus/universitas-agung-podomoro,-,Tel: +622129200456,705,705,7187500,7187500,57500000,14375000,14375000,57500000
rencanamu-95,UNIVERSITAS AHMAD DAHLAN,A,-,DI YOGYAKARTA,universitas-ahmad-dahlan,https://rencanamu.id/cari-kampus/universitas-ahmad-dahlan,-,Tel: +62274 56 3515,17284,17284,2750000,2750000,22000000,5500000,5500000,22000000
rencanamu-96,UNIVERSITAS AL AZHAR INDONESIA,B,-,DKI JAKARTA,universitas-al-azhar-indonesia,https://rencanamu.id/cari-kampus/universitas-al-azhar-indonesia,-,Tel: +6221 7279 2753,3023,3023,3125000,3125000,25000000,6250000,6250000,25000000
rencanamu-97,UNIVERSITAS AL MUSLIM,B,-,ACEH,universitas-al-muslim,https://rencanamu.id/cari-kampus/universitas-al-muslim,-,Tel: +62644 41126,7278,7278,1100000,1100000,8800000,2200000,2200000,8800000
rencanamu-98,UNIVERSITAS ALMA ATA,B,-,DI YOGYAKARTA,universitas-alma-ata,https://rencanamu.id/cari-kampus/universitas-alma-ata,-,Tel: (0274) 434 2288,-1,-1,-1,-1,-1,-1,-1,-1
rencanamu-99,UNIVERSITAS ATMA JAYA MAKASSAR,C,-,SULAWESI SELATAN,universitas-atma-jaya-makassar,https://rencanamu.id/cari-kampus/universitas-atma-jaya-makassar,-,Tel: +62411 871038,1815,1815,5000000,5000000,40000000,10000000,10000000,40000000
